name,phi_target,phi,base_seed,seed,attempt,seam,void_per_R,density_cv,z_band,perc_x,perc_y,n_grains,F_ratio,F_xy
phi0.275_Rave50um_LR40_seed601,0.275,0.2746868133544922,601,31601,32,0.8869501999272993,1.040119293413621,0.2322847906420759,3.517684887459807,True,True,311,1.0540912177742443,-0.006281225635498747
phi0.275_Rave50um_LR40_seed602,0.275,0.27511024475097656,602,17602,18,0.7815888034693476,1.015625,0.23337515021013563,3.6494252873563218,True,True,348,1.0242701729884403,-0.0036775227155227495
phi0.275_Rave50um_LR40_seed603,0.275,0.274810791015625,603,22603,23,0.9067567567567567,1.0661987549965766,0.22191258200582908,3.5197368421052633,True,True,304,1.0382515585878078,-0.004668668349160941
phi0.275_Rave50um_LR40_seed604,0.275,0.2749195098876953,604,17604,18,0.8559670781893004,1.0186253758129138,0.2289152919824721,3.6374269005847952,True,True,342,1.022958484484829,0.0055463462155469255
phi0.275_Rave50um_LR40_seed605,0.275,0.2748422622680664,605,25605,26,0.7636555313961917,1.09375,0.2398004011441797,3.653179190751445,True,True,346,1.030624800654684,0.0013429838015107064
phi0.325_Rave50um_LR40_seed301,0.325,0.3248920440673828,301,7301,8,0.8224496426250812,1.328125,0.2965556676445716,3.3733333333333335,True,True,300,1.0966052313653158,-0.0024985233002996227
phi0.325_Rave50um_LR40_seed302,0.325,0.3253307342529297,302,27302,28,0.7904761904761906,1.2849128283905098,0.3173308271023797,3.3701298701298703,True,True,308,1.1194792647030687,-0.011117126037988761
phi0.325_Rave50um_LR40_seed303,0.325,0.3249521255493164,303,56303,57,0.8086000646621402,1.257909545945673,0.2829390931104885,3.247588424437299,True,True,311,1.1126480250010402,-0.006095952833545116
phi0.325_Rave50um_LR40_seed304,0.325,0.32502269744873047,304,1304,2,0.7918823432749978,1.265166776617316,0.3133518288850918,3.3550488599348536,True,True,307,1.1620656413313382,0.009746540791836905
phi0.325_Rave50um_LR40_seed305,0.325,0.32506465911865234,305,5305,6,0.7960531550887244,1.2058866437838383,0.28084157866675324,3.2371794871794872,True,True,312,1.0465472164952478,0.005170307277431637
phi0.375_Rave50um_LR40_seed701,0.375,0.3751401901245117,701,9701,10,0.869044249457496,1.4823176532039277,0.38801486665763113,3.044776119402985,True,True,268,1.0921204915187632,-0.002279236205658565
phi0.375_Rave50um_LR40_seed702,0.375,0.37506961822509766,702,11702,12,0.792825578372758,1.4889936369176497,0.38566730931665205,3.1724137931034484,True,True,290,1.0393361051450718,0.005101901660291496
phi0.375_Rave50um_LR40_seed703,0.375,0.37497997283935547,703,3703,4,0.8653488372093023,1.4084184669781206,0.3790753524875359,3.3735632183908044,True,True,348,1.0823200110751887,0.0038686624053634426
phi0.375_Rave50um_LR40_seed704,0.375,0.37493896484375,704,4704,5,0.7661516219390982,1.3854803008568906,0.365083301956294,3.038327526132404,True,True,287,1.1213043120920672,-0.002383778075277346
phi0.375_Rave50um_LR40_seed705,0.375,0.3749961853027344,705,12705,13,0.9351415094339623,1.4363106492851747,0.3717375620121612,2.9961089494163424,True,True,257,1.089695779977086,-0.01334316034734084
phi0.425_Rave50um_LR40_seed801,0.425,0.4248018264770508,801,4801,5,0.8851983231215738,1.6815033789086629,0.43758029267034393,2.8473282442748094,True,True,262,1.107033162898577,-0.014272700663204284
phi0.425_Rave50um_LR40_seed802,0.425,0.4247589111328125,802,15802,16,0.7608127137396902,1.7677669529663689,0.440640688272415,3.101123595505618,True,True,267,1.1594609693166609,0.012511528787948412
phi0.425_Rave50um_LR40_seed803,0.425,0.4249906539916992,803,13803,14,0.8696410256410256,1.7421174313263874,0.4578853399816849,3.007518796992481,True,True,266,1.074116112974633,0.005960458865023444
phi0.425_Rave50um_LR40_seed804,0.425,0.42496299743652344,804,15804,16,0.8645566922421143,1.7491104044717274,0.43460277680959847,2.84251968503937,True,True,254,1.0303087102420212,0.010934270868574274
phi0.425_Rave50um_LR40_seed805,0.425,0.42494678497314453,805,6805,7,0.9795340050377834,1.7062757553001213,0.4498618010907864,2.921875,True,True,256,1.0891175366824035,0.01946517991009572
phi0.475_Rave50um_LR40_seed901,0.475,0.47495365142822266,901,4901,5,0.845879556259905,1.8790646048133894,0.5070602807378666,2.609090909090909,False,True,220,1.051342929059946,-0.014681211323085103
phi0.475_Rave50um_LR40_seed902,0.475,0.475250244140625,902,9902,10,0.8722287813196905,1.9566374666200301,0.5040083159854198,2.536796536796537,True,False,231,0.9543427274023439,0.020161448463662628
phi0.475_Rave50um_LR40_seed903,0.475,0.4749889373779297,903,12903,13,0.8420719351570415,1.9566374666200301,0.5266750254999872,2.6422764227642275,True,True,246,1.0838631857194654,-0.016553432532700935
phi0.475_Rave50um_LR40_seed904,0.475,0.47487735748291016,904,7904,8,1.1837899543378996,1.9060738904306018,0.4991422950805399,2.425339366515837,False,True,221,0.9815244537003824,0.013097776037212393
phi0.475_Rave50um_LR40_seed905,0.475,0.47499847412109375,905,3905,4,0.98430004361099,2.016548359240673,0.5074796159243424,2.385321100917431,False,True,218,0.9929443981107954,-0.0035850392487282367
