phi,seed,n_T,theta_max,a_log,n_pow,rms_log_pct,rms_pow_pct,k_ref,kref_spread_pct,z_band
0.275,1601,4,1254.8193538485025,0.15982889607296788,0.06351246413085933,1.1515944024105202,0.8258660365077999,0.7370002593102212,0.18304369190572617,3.762376237623762
0.275,1602,4,1256.1851334428613,0.17161002935424718,0.067813082062336,1.2386345102834042,0.8746978479034152,0.799259830018935,0.18803157767405668,3.6993865030674846
0.275,1603,4,1240.2612890404184,0.1663619819846087,0.06614966528246137,0.7760500779220552,0.4335278810898513,0.810882168062236,0.16661934580117582,3.8840579710144927
0.275,1604,1,330.9796281630723,0.17558658298798904,0.07129412817872564,0.14855254623179706,0.24003331987263,0.8235595489108886,0.0,3.6632996632996635
0.275,1605,1,330.8323026820755,0.17388809838906147,0.07062762136955036,0.22108833517105542,0.14553689184640545,0.8017979759619358,0.0,3.7133956386292835
0.325,1701,4,1249.7778244707763,0.1572396186128298,0.06253462919869775,0.9966381667743817,0.7103013083472354,0.5482176463357447,0.24447938074893769,3.2162162162162162
0.325,1702,4,1248.6302780914993,0.1792098085995725,0.07056182846293901,1.0834482659968219,0.685802149553679,0.643807249747288,0.13558217940093015,3.4391143911439115
0.325,1703,4,1256.394624689348,0.16706987012374333,0.06605540049053685,1.4425019758699387,1.0944160914926193,0.5849926888386565,0.19427578124520406,3.5335689045936394
0.325,1704,1,329.3465461492144,0.18442646408541097,0.07456804369641978,0.55518722588969,0.3700641067704791,0.6512512400604643,0.0,3.5017301038062283
0.325,1705,1,330.5819189393146,0.15763321147800693,0.06435950489621593,0.4249960328950603,0.2800693464265373,0.6434227847418025,0.0,3.625730994152047
0.375,1801,4,1248.3780394223127,0.15208891913287653,0.06070892890805186,0.8937517056998693,0.5925521347688084,0.48467932322332985,0.12251692933922895,3.397163120567376
0.375,1802,4,1251.2144909116025,0.16474940882544764,0.06506944575133636,1.789527946789744,1.4348379137563154,0.46293326144175,0.1509149983315687,3.2740213523131674
0.375,1803,4,1246.8712602224482,0.1906397445316816,0.07445368497122094,1.8377033164473953,1.3775355201133754,0.5488090009280944,0.18618728919803998,3.298507462686567
0.375,1804,1,329.37524343850265,0.14370648499966218,0.05903048303153378,0.15179524787428894,0.12099617490956452,0.44327019718044564,0.0,3.3263157894736843
0.375,1805,1,328.5568071053271,0.1456133495907067,0.059725422802669646,0.4039941685984939,0.29112811162719926,0.4725938753528971,0.0,3.3771626297577853
0.425,1901,4,1249.316459113599,0.17327517129717207,0.06793437454874164,2.5060939297824563,2.1304856465983004,0.3533703910369478,0.1176148269568049,2.696969696969697
0.425,1902,4,1250.2980290927596,0.13535957199310625,0.054258175192188306,1.5455085029000046,1.3090226587116096,0.3075267648453298,0.17704751204506905,2.741035856573705
0.425,1903,4,1246.2392863560144,0.16571177285063557,0.06560989882649694,1.4829918204108996,1.1265604653169674,0.35526075348485836,0.12437853082838846,3.0651340996168583
0.425,1904,1,331.6779766820501,0.14775794359618935,0.06053406769675605,0.44719712906250264,0.31950417564641964,0.34743762717210164,0.0,2.6129032258064515
0.425,1905,1,328.6675853948327,0.1141531308396785,0.047376024571648294,0.3481957919026017,0.272682369650658,0.3196428939897605,0.0,3.073170731707317
0.475,2001,4,1249.221043524765,0.15580640357907785,0.061768511680626935,1.807338295892921,1.488748927835409,0.2607742012444023,0.1522548322126208,2.6666666666666665
0.475,2002,4,1253.58294062082,0.1568511581197403,0.06240513512364002,0.59457509657754,0.4713558310489886,0.27438059555021144,0.06280324785035217,2.165898617511521
0.475,2003,4,1250.186629224096,0.13279398360554032,0.05328274487220143,1.6198840211601366,1.3933357490298848,0.2376786727857494,0.10772242907848402,2.5829596412556053
0.475,2004,1,332.08506453715665,0.09798232545565602,0.04092522612964794,0.19063262578880238,0.14325390306510477,0.22562736155739932,0.0,2.4594594594594597
0.475,2005,1,330.14447484179846,0.1093049274840603,0.04544410199004421,0.3399641315143504,0.2678863161831662,0.23787681480411083,0.0,2.8355555555555556
