L_over_R,state_tau,n,kiso_mean,kiso_sd,gap_to_ref_pct,gap_se_pct
20,11.05,8,0.5869133997430982,0.0634470308397767,4.830150212212714,4.540784440457862
30,11.05,6,0.6371701762192808,0.0468121889848433,13.806645602309287,4.0270883637111154
40,11.05,5,0.5673336553820804,0.041898520346146294,1.332960433651409,3.970713277326283
56,11.05,4,0.5818307806435838,0.030821706395681808,3.922330210306524,3.4845879768909533
80,11.05,3,0.5598707991498449,0.020720578159852572,0.0,3.021818828210988
production 40,11.05,5,0.5746021692050924,0.04605276117308656,2.631208857046463,4.254152144005607
20,100.0,8,0.6861783062101404,0.07700030149614488,3.9728143637819846,5.05463997043902
30,100.0,6,0.7414342861363742,0.058974727473468935,12.345448256990132,4.673573870422296
40,100.0,5,0.664025288894657,0.052275215483574305,0.6160898271787785,4.5914742957297685
56,100.0,4,0.6928299710259989,0.03471609371740732,4.980704448400242,3.9307831853620336
80,100.0,3,0.6599593464973711,0.033391465213061106,0.0,4.131166157935472
production 40,100.0,5,0.6806450236636344,0.0600138333412096,3.1343865763928225,5.0071800898417145
20,330.0,8,0.7498858682449866,0.08684864469457575,4.648264999635865,5.228765893427774
30,330.0,6,0.8090627283403408,0.06741448938237174,12.906529356048345,4.8713116469891835
40,330.0,5,0.7221671772121805,0.06349621193955939,0.7800591199426332,4.968100921925449
56,330.0,4,0.7603548452719197,0.036541904635293436,6.109234366552485,3.9344199656933823
80,330.0,3,0.7165774494661673,0.03718979392754825,0.0,4.237551657517452
production 40,330.0,5,0.7406224140851614,0.06875134537890278,3.3555290690360007,5.233444845653361
