law,R,f,eps_over_R,eps,N,k,k_sharp,rel_err,phi_bar,ksp_its,run_dir
arithmetic,0.000125,0.049087385212340524,0.01,1.25e-06,4096,0.02223274391721,0.02202729014378651,0.009327237807390754,0.0491035343147,64,singleice_2D_L1mm_R250um_keff__snow_T-20_h1.00_1d__arithmetic_R125_e0.01
arithmetic,0.000175,0.09621127501618741,0.01,1.75e-06,2926,0.02462413232831,0.02417681498872724,0.018501913498172762,0.09624292725827,55,singleice_2D_L1mm_R250um_keff__snow_T-20_h1.00_1d__arithmetic_R175_e0.01
arithmetic,0.00025,0.1963495408493621,0.01,2.5e-06,2048,0.03073592301694,0.029568400343567378,0.03948548652638273,0.1964141372588,55,singleice_2D_L1mm_R250um_keff__snow_T-20_h1.00_1d__arithmetic_R250_e0.01
arithmetic,0.0003,0.28274333882308134,0.01,2.9999999999999997e-06,1708,0.03758286694752,0.03543027095262313,0.060755843436119505,0.2828363576523,53,singleice_2D_L1mm_R250um_keff__snow_T-20_h1.00_1d__arithmetic_R300_e0.01
arithmetic,0.00035,0.38484510006474965,0.01,3.5e-06,1464,0.04877629120396,0.044583439767597766,0.09404504134760594,0.3849717090283,51,singleice_2D_L1mm_R250um_keff__snow_T-20_h1.00_1d__arithmetic_R350_e0.01
arithmetic,0.00039999999999999996,0.5026548245743669,0.01,4e-06,1280,0.070245467094655,0.06055884464895237,0.15995388455400783,0.5028201913825,50,singleice_2D_L1mm_R250um_keff__snow_T-20_h1.00_1d__arithmetic_R400_e0.01
arithmetic,0.000125,0.049087385212340524,0.02,2.5e-06,2048,0.02244858993624,0.02202729014378651,0.019126265178485147,0.04915198162198,54,singleice_2D_L1mm_R250um_keff__snow_T-20_h1.00_1d__arithmetic_R125_e0.02
arithmetic,0.000175,0.09621127501618741,0.02,3.5e-06,1464,0.02509915430708,0.02417681498872724,0.038149744653413364,0.09633788397935,48,singleice_2D_L1mm_R250um_keff__snow_T-20_h1.00_1d__arithmetic_R175_e0.02
arithmetic,0.00025,0.1963495408493621,0.02,5e-06,1024,0.03201165707912,0.029568400343567378,0.08263067014662351,0.1966079264878,48,singleice_2D_L1mm_R250um_keff__snow_T-20_h1.00_1d__arithmetic_R250_e0.02
arithmetic,0.0003,0.28274333882308134,0.02,5.999999999999999e-06,854,0.040019331110935,0.03543027095262313,0.12952371051433098,0.2831154141427,47,singleice_2D_L1mm_R250um_keff__snow_T-20_h1.00_1d__arithmetic_R300_e0.02
arithmetic,0.00035,0.38484510006474965,0.02,7e-06,732,0.05384894582405,0.044583439767597766,0.2078239387707852,0.3853515359153,46,singleice_2D_L1mm_R250um_keff__snow_T-20_h1.00_1d__arithmetic_R350_e0.02
arithmetic,0.00039999999999999996,0.5026548245743669,0.02,8e-06,640,0.083954876093705,0.06055884464895237,0.3863354986439187,0.5033162725819,45,singleice_2D_L1mm_R250um_keff__snow_T-20_h1.00_1d__arithmetic_R400_e0.02
arithmetic,0.000125,0.049087385212340524,0.04,5e-06,1024,0.02291305459754,0.02202729014378651,0.04021213903169785,0.04934577085113,46,singleice_2D_L1mm_R250um_keff__snow_T-20_h1.00_1d__arithmetic_R125_e0.04
arithmetic,0.000175,0.09621127501618741,0.04,7e-06,732,0.02613942884523,0.02417681498872724,0.0811775189336501,0.09671771086863,47,singleice_2D_L1mm_R250um_keff__snow_T-20_h1.00_1d__arithmetic_R175_e0.04
arithmetic,0.00025,0.1963495408493621,0.04,1e-05,512,0.03494530067736,0.029568400343567378,0.18184616926570962,0.1973830834044,44,singleice_2D_L1mm_R250um_keff__snow_T-20_h1.00_1d__arithmetic_R250_e0.04
arithmetic,0.0003,0.28274333882308134,0.04,1.1999999999999999e-05,428,0.04600223724918,0.03543027095262313,0.29838796069873563,0.2842316395509,42,singleice_2D_L1mm_R250um_keff__snow_T-20_h1.00_1d__arithmetic_R300_e0.04
arithmetic,0.00035,0.38484510006474965,0.04,1.4e-05,366,0.06819049580308,0.044583439767597766,0.5295027965213062,0.3868705753459,41,singleice_2D_L1mm_R250um_keff__snow_T-20_h1.00_1d__arithmetic_R350_e0.04
arithmetic,0.00039999999999999996,0.5026548245743669,0.04,1.6e-05,320,0.1406614555619,0.06055884464895237,1.3227235654393108,0.5052721649612,41,singleice_2D_L1mm_R250um_keff__snow_T-20_h1.00_1d__arithmetic_R400_e0.04
tensor,0.000125,0.049087385212340524,0.01,1.25e-06,4096,0.02202906918957,0.02202729014378651,8.076553093361305e-05,0.0491035343147,137,singleice_2D_L1mm_R250um_keff__snow_T-20_h1.00_1d__tensor_R125_e0.01
tensor,0.000175,0.09621127501618741,0.01,1.75e-06,2926,0.024180669950445,0.02417681498872724,0.000159448699903475,0.09624292725827,135,singleice_2D_L1mm_R250um_keff__snow_T-20_h1.00_1d__tensor_R175_e0.01
tensor,0.00025,0.1963495408493621,0.01,2.5e-06,2048,0.029578399611395,0.029568400343567378,0.000338174122084256,0.1964141372588,135,singleice_2D_L1mm_R250um_keff__snow_T-20_h1.00_1d__tensor_R250_e0.01
tensor,0.0003,0.28274333882308134,0.01,2.9999999999999997e-06,1708,0.03544888883181,0.03543027095262313,0.0005254794469893298,0.2828363576523,138,singleice_2D_L1mm_R250um_keff__snow_T-20_h1.00_1d__tensor_R300_e0.01
tensor,0.00035,0.38484510006474965,0.01,3.5e-06,1464,0.044621837874315,0.044583439767597766,0.0008612638889551327,0.3849717090283,136,singleice_2D_L1mm_R250um_keff__snow_T-20_h1.00_1d__tensor_R350_e0.01
tensor,0.00039999999999999996,0.5026548245743669,0.01,4e-06,1280,0.060666427587085,0.06055884464895237,0.001776502487064624,0.5028201913825,133,singleice_2D_L1mm_R250um_keff__snow_T-20_h1.00_1d__tensor_R400_e0.01
tensor,0.000125,0.049087385212340524,0.02,2.5e-06,2048,0.02203802848776,0.02202729014378651,0.00048750181721834984,0.04915198162198,129,singleice_2D_L1mm_R250um_keff__snow_T-20_h1.00_1d__tensor_R125_e0.02
tensor,0.000175,0.09621127501618741,0.02,3.5e-06,1464,0.02420008800887,0.02417681498872724,0.0009626172907228892,0.09633788397935,133,singleice_2D_L1mm_R250um_keff__snow_T-20_h1.00_1d__tensor_R175_e0.02
tensor,0.00025,0.1963495408493621,0.02,5e-06,1024,0.029628765308085,0.029568400343567378,0.002041536363692975,0.1966079264878,126,singleice_2D_L1mm_R250um_keff__snow_T-20_h1.00_1d__tensor_R250_e0.02
tensor,0.0003,0.28274333882308134,0.02,5.999999999999999e-06,854,0.03554241969206,0.03543027095262313,0.0031653367705493096,0.2831154141427,132,singleice_2D_L1mm_R250um_keff__snow_T-20_h1.00_1d__tensor_R300_e0.02
tensor,0.00035,0.38484510006474965,0.02,7e-06,732,0.04481149040507,0.044583439767597766,0.005115142273925066,0.3853515359153,130,singleice_2D_L1mm_R250um_keff__snow_T-20_h1.00_1d__tensor_R350_e0.02
tensor,0.00039999999999999996,0.5026548245743669,0.02,8e-06,640,0.061153925392985004,0.06055884464895237,0.009826487732422784,0.5033162725819,129,singleice_2D_L1mm_R250um_keff__snow_T-20_h1.00_1d__tensor_R400_e0.02
tensor,0.000125,0.049087385212340524,0.04,5e-06,1024,0.02209083173633,0.02202729014378651,0.0028846758783633852,0.04934577085113,122,singleice_2D_L1mm_R250um_keff__snow_T-20_h1.00_1d__tensor_R125_e0.04
tensor,0.000175,0.09621127501618741,0.04,7e-06,732,0.02431470244997,0.02417681498872724,0.005703293064328374,0.09671771086863,122,singleice_2D_L1mm_R250um_keff__snow_T-20_h1.00_1d__tensor_R175_e0.04
tensor,0.00025,0.1963495408493621,0.04,1e-05,512,0.02992685825466,0.029568400343567378,0.012123006551844284,0.1973830834044,122,singleice_2D_L1mm_R250um_keff__snow_T-20_h1.00_1d__tensor_R250_e0.04
tensor,0.0003,0.28274333882308134,0.04,1.1999999999999999e-05,428,0.0360962003477,0.03543027095262313,0.018795492587887486,0.2842316395509,118,singleice_2D_L1mm_R250um_keff__snow_T-20_h1.00_1d__tensor_R300_e0.04
tensor,0.00035,0.38484510006474965,0.04,1.4e-05,366,0.045930883328230004,0.044583439767597766,0.03022296098408117,0.3868705753459,123,singleice_2D_L1mm_R250um_keff__snow_T-20_h1.00_1d__tensor_R350_e0.04
tensor,0.00039999999999999996,0.5026548245743669,0.04,1.6e-05,320,0.06404440495227501,0.06055884464895237,0.05755658522760365,0.5052721649612,122,singleice_2D_L1mm_R250um_keff__snow_T-20_h1.00_1d__tensor_R400_e0.04
