T_C,sigma0,sigma,alpha_c,beta_sub_s_per_m,eps_m,binding,Nx,nodes_2D
-40.000,1.100000e-01,1.000e-01,3.328711e-01,1.999682e+05,9.255371e-08,B-HEAT,6.876000e+03,2.363969e+07
-40.000,1.100000e-01,1.000e-02,1.670170e-05,3.985441e+09,4.048631e-11,B-KINETIC,1.571880e+07,1.235403e+14
-40.000,1.100000e-01,2.700e-03,2.025448e-18,3.286366e+22,4.909854e-24,B-KINETIC,1.296161e+20,8.400166e+39
-40.000,1.100000e-01,4.500e-04,1.000000e-30,6.656364e+34,2.424083e-36,B-KINETIC,2.625307e+32,3.446118e+64
-39.511,1.078958e-01,1.000e-01,3.399495e-01,1.850976e+05,9.053172e-08,B-HEAT,7.030000e+03,2.471045e+07
-39.511,1.078958e-01,1.000e-02,2.061316e-05,3.052606e+09,5.274781e-11,B-KINETIC,1.206488e+07,7.278069e+13
-39.511,1.078958e-01,2.700e-03,4.415499e-18,1.425067e+22,1.129899e-23,B-KINETIC,5.632326e+19,1.586155e+39
-39.511,1.078958e-01,4.500e-04,1.000000e-30,6.292385e+34,2.558939e-36,B-KINETIC,2.486953e+32,3.092468e+64
-39.023,1.058064e-01,1.000e-01,3.471271e-01,1.713979e+05,8.856721e-08,B-HEAT,7.186000e+03,2.581930e+07
-39.023,1.058064e-01,1.000e-02,2.540301e-05,2.342119e+09,6.860545e-11,B-KINETIC,9.276174e+06,4.302370e+13
-39.023,1.058064e-01,2.700e-03,9.573174e-18,6.214957e+21,2.585410e-23,B-KINETIC,2.461490e+19,3.029466e+38
-39.023,1.058064e-01,4.500e-04,1.000000e-30,5.949687e+34,2.700683e-36,B-KINETIC,2.356427e+32,2.776374e+64
-38.534,1.037319e-01,1.000e-01,3.544034e-01,1.587724e+05,8.665842e-08,B-HEAT,7.344000e+03,2.696717e+07
-38.534,1.037319e-01,1.000e-02,3.125928e-05,1.800089e+09,8.907749e-11,B-KINETIC,7.144298e+06,2.552050e+13
-38.534,1.037319e-01,2.700e-03,2.064128e-17,2.726065e+21,5.882010e-23,B-KINETIC,1.081936e+19,5.852932e+37
-38.534,1.037319e-01,4.500e-04,1.000000e-30,5.626949e+34,2.849634e-36,B-KINETIC,2.233256e+32,2.493715e+64
-38.045,1.016724e-01,1.000e-01,3.617781e-01,1.471326e+05,8.480365e-08,B-HEAT,7.505000e+03,2.816626e+07
-38.045,1.016724e-01,1.000e-02,3.840807e-05,1.385890e+09,1.154595e-10,B-KINETIC,5.511858e+06,1.519029e+13
-38.045,1.016724e-01,2.700e-03,4.425976e-17,1.202658e+21,1.330504e-22,B-KINETIC,4.783121e+18,1.143912e+37
-38.045,1.016724e-01,4.500e-04,1.000000e-30,5.322936e+34,3.006125e-36,B-KINETIC,2.116998e+32,2.240840e+64
-37.556,9.962797e-02,1.000e-01,3.692506e-01,1.363977e+05,8.300126e-08,B-HEAT,7.668000e+03,2.939911e+07
-37.556,9.962797e-02,1.000e-02,4.712075e-05,1.068848e+09,1.493965e-10,B-KINETIC,4.259780e+06,9.072863e+12
-37.556,9.962797e-02,2.700e-03,9.437564e-17,5.336646e+20,2.992182e-22,B-KINETIC,2.126863e+18,2.261772e+36
-37.556,9.962797e-02,4.500e-04,1.000000e-30,5.036494e+34,3.170503e-36,B-KINETIC,2.007240e+32,2.014506e+64
-37.068,9.759865e-02,1.000e-01,3.768204e-01,1.264938e+05,8.124964e-08,B-HEAT,7.833000e+03,3.068186e+07
-37.068,9.759865e-02,1.000e-02,5.772241e-05,8.257700e+08,1.929734e-10,B-KINETIC,3.297845e+06,5.437892e+12
-37.068,9.759865e-02,2.700e-03,2.001132e-16,2.381924e+20,6.690039e-22,B-KINETIC,9.512592e+17,4.524470e+35
-37.068,9.759865e-02,4.500e-04,1.000000e-30,4.766543e+34,3.343128e-36,B-KINETIC,1.903595e+32,1.811837e+64
-36.579,9.558455e-02,1.000e-01,3.844869e-01,1.173532e+05,7.954727e-08,B-HEAT,8.001000e+03,3.201200e+07
-36.579,9.558455e-02,1.000e-02,7.060176e-05,6.390882e+08,2.488270e-10,B-KINETIC,2.557585e+06,3.270622e+12
-36.579,9.558455e-02,2.700e-03,4.219322e-16,1.069384e+20,1.487047e-21,B-KINETIC,4.279596e+17,9.157472e+34
-36.579,9.558455e-02,4.500e-04,1.000000e-30,4.512075e+34,3.524374e-36,B-KINETIC,1.805700e+32,1.630276e+64
-36.090,9.358577e-02,1.000e-01,3.922493e-01,1.089141e+05,7.789266e-08,B-HEAT,8.171000e+03,3.338671e+07
-36.090,9.358577e-02,1.000e-02,8.622271e-05,4.954781e+08,3.202858e-10,B-KINETIC,1.986964e+06,1.974013e+12
-36.090,9.358577e-02,2.700e-03,8.846002e-16,4.829467e+19,3.285965e-21,B-KINETIC,1.936710e+17,1.875423e+34
-36.090,9.358577e-02,4.500e-04,1.000000e-30,4.272147e+34,3.714633e-36,B-KINETIC,1.713214e+32,1.467551e+64
-35.602,9.160238e-02,1.000e-01,4.001068e-01,1.011199e+05,7.628437e-08,B-HEAT,8.343000e+03,3.480700e+07
-35.602,9.160238e-02,1.000e-02,1.051378e-04,3.848162e+08,4.115422e-10,B-KINETIC,1.546370e+06,1.195630e+12
-35.602,9.160238e-02,2.700e-03,1.844057e-15,2.194007e+19,7.218212e-21,B-KINETIC,8.816534e+16,3.886564e+33
-35.602,9.160238e-02,4.500e-04,1.000000e-30,4.045874e+34,3.914311e-36,B-KINETIC,1.625819e+32,1.321644e+64
-35.113,8.963449e-02,1.000e-01,4.080584e-01,9.391868e+04,7.472103e-08,B-HEAT,8.517000e+03,3.627390e+07
-35.113,8.963449e-02,1.000e-02,1.280041e-04,2.993992e+08,5.278669e-10,B-KINETIC,1.205600e+06,7.267357e+11
-35.113,8.963449e-02,2.700e-03,3.822171e-15,1.002684e+19,1.576198e-20,B-KINETIC,4.037538e+16,8.150858e+32
-35.113,8.963449e-02,4.500e-04,1.000000e-30,3.832431e+34,4.123830e-36,B-KINETIC,1.543216e+32,1.190758e+64
-34.624,8.768217e-02,1.000e-01,4.161033e-01,8.726306e+04,7.320128e-08,B-HEAT,8.694000e+03,3.779282e+07
-34.624,8.768217e-02,1.000e-02,1.556008e-04,2.333565e+08,6.758720e-10,B-KINETIC,9.415930e+05,4.432992e+11
-34.624,8.768217e-02,2.700e-03,7.876615e-15,4.609905e+18,3.421310e-20,B-KINETIC,1.860095e+16,1.729977e+32
-34.624,8.768217e-02,4.500e-04,1.000000e-30,3.631045e+34,4.343629e-36,B-KINETIC,1.465125e+32,1.073296e+64
-34.135,8.574553e-02,1.000e-01,4.242403e-01,8.110947e+04,7.172383e-08,B-HEAT,8.873000e+03,3.936950e+07
-34.135,8.574553e-02,1.000e-02,1.888508e-04,1.822068e+08,8.638351e-10,B-KINETIC,7.367110e+05,2.713719e+11
-34.135,8.574553e-02,2.700e-03,1.613792e-14,2.132239e+18,7.381755e-20,B-KINETIC,8.621203e+15,3.716257e+31
-34.135,8.574553e-02,4.500e-04,1.000000e-30,3.440990e+34,4.574167e-36,B-KINETIC,1.391283e+32,9.678344e+63
-33.647,8.382466e-02,1.000e-01,4.324681e-01,7.541804e+04,7.028744e-08,B-HEAT,9.055000e+03,4.100104e+07
-33.647,8.382466e-02,1.000e-02,2.288448e-04,1.425241e+08,1.102098e-09,B-KINETIC,5.774410e+05,1.667193e+11
-33.647,8.382466e-02,2.700e-03,3.287145e-14,9.922258e+17,1.583062e-19,B-KINETIC,4.020034e+15,8.080336e+30
-33.647,8.382466e-02,4.500e-04,1.000000e-30,3.261590e+34,4.815917e-36,B-KINETIC,1.321443e+32,8.731062e+63
-33.158,8.191967e-02,1.000e-01,4.407856e-01,7.015220e+04,6.889088e-08,B-HEAT,9.238000e+03,4.267032e+07
-33.158,8.191967e-02,1.000e-02,2.768689e-04,1.116849e+08,1.403552e-09,B-KINETIC,4.534190e+05,1.027946e+11
-33.158,8.191967e-02,2.700e-03,6.656370e-14,4.645487e+17,3.374362e-19,B-KINETIC,1.885974e+15,1.778450e+30
-33.158,8.191967e-02,4.500e-04,1.000000e-30,3.092208e+34,5.069373e-36,B-KINETIC,1.255374e+32,7.879823e+63
-32.669,8.003064e-02,1.000e-01,4.491913e-01,6.527842e+04,6.753300e-08,B-HEAT,9.424000e+03,4.440589e+07
-32.669,8.003064e-02,1.000e-02,3.344364e-04,8.767735e+07,1.784235e-09,B-KINETIC,3.566780e+05,6.360960e+10
-32.669,8.003064e-02,2.700e-03,1.339946e-13,2.188334e+17,7.148680e-19,B-KINETIC,8.902288e+14,3.962537e+29
-32.669,8.003064e-02,4.500e-04,1.000000e-30,2.932250e+34,5.335050e-36,B-KINETIC,1.192859e+32,7.114560e+63
-32.180,7.815768e-02,1.000e-01,4.576838e-01,6.076593e+04,6.621266e-08,B-HEAT,9.612000e+03,4.619527e+07
-32.180,7.815768e-02,1.000e-02,4.033250e-04,6.895576e+07,2.264056e-09,B-KINETIC,2.810870e+05,3.950509e+10
-32.180,7.815768e-02,2.700e-03,2.681342e-13,1.037226e+17,1.505166e-18,B-KINETIC,4.228080e+14,8.938328e+28
-32.180,7.815768e-02,4.500e-04,1.000000e-30,2.781158e+34,5.613479e-36,B-KINETIC,1.133693e+32,6.426296e+63
-31.692,7.630090e-02,1.000e-01,4.662613e-01,5.658648e+04,6.492877e-08,B-HEAT,9.802000e+03,4.803960e+07
-31.692,7.630090e-02,1.000e-02,4.856173e-04,5.433103e+07,2.867675e-09,B-KINETIC,2.219210e+05,2.462458e+10
-31.692,7.630090e-02,2.700e-03,5.333536e-13,4.946828e+16,3.149568e-18,B-KINETIC,2.020582e+14,2.041376e+28
-31.692,7.630090e-02,4.500e-04,1.000000e-30,2.638409e+34,5.905216e-36,B-KINETIC,1.077685e+32,5.807022e+63
-31.203,7.446040e-02,1.000e-01,4.749223e-01,5.271414e+04,6.368027e-08,B-HEAT,9.994000e+03,4.994002e+07
-31.203,7.446040e-02,1.000e-02,5.837488e-04,4.288681e+07,3.625568e-09,B-KINETIC,1.755310e+05,1.540565e+10
-31.203,7.446040e-02,2.700e-03,1.054531e-12,2.374053e+16,6.549517e-18,B-KINETIC,9.716687e+13,4.720701e+27
-31.203,7.446040e-02,4.500e-04,1.000000e-30,2.503512e+34,6.210835e-36,B-KINETIC,1.024655e+32,5.249586e+63
-30.714,7.263629e-02,1.000e-01,4.836649e-01,4.912510e+04,6.246615e-08,B-HEAT,1.018800e+04,5.189767e+07
-30.714,7.263629e-02,1.000e-02,7.005611e-04,3.391580e+07,4.575319e-09,B-KINETIC,1.390940e+05,9.673570e+09
-30.714,7.263629e-02,2.700e-03,2.072368e-12,1.146519e+16,1.353450e-17,B-KINETIC,4.702030e+13,1.105454e+27
-30.714,7.263629e-02,4.500e-04,1.000000e-30,2.376009e+34,6.530934e-36,B-KINETIC,9.744335e+31,4.747603e+63
-30.226,7.082868e-02,1.000e-01,4.924872e-01,4.579748e+04,6.128541e-08,B-HEAT,1.038500e+04,5.392930e+07
-30.226,7.082868e-02,1.000e-02,8.393622e-04,2.687120e+07,5.763173e-09,B-KINETIC,1.104250e+05,6.096896e+09
-30.226,7.082868e-02,2.700e-03,4.047809e-12,5.572069e+15,2.779280e-17,B-KINETIC,2.289788e+13,2.621564e+26
-30.226,7.082868e-02,4.500e-04,1.000000e-30,2.255467e+34,6.866134e-36,B-KINETIC,9.268624e+31,4.295369e+63
-29.737,6.895357e-02,1.000e-01,5.018090e-01,4.267525e+04,6.008653e-08,B-HEAT,1.059200e+04,5.609523e+07
-29.737,6.895357e-02,1.000e-02,1.012476e-03,2.115096e+07,7.307115e-09,B-KINETIC,8.709300e+04,3.792639e+09
-29.737,6.895357e-02,2.700e-03,8.106466e-12,2.641697e+15,5.850500e-17,B-KINETIC,1.087764e+13,5.916149e+25
-29.737,6.895357e-02,4.500e-04,1.000000e-30,2.141482e+34,7.217078e-36,B-KINETIC,8.817919e+31,3.887785e+63
-29.248,6.702759e-02,1.000e-01,5.115674e-01,3.975380e+04,5.888127e-08,B-HEAT,1.080900e+04,5.842264e+07
-29.248,6.702759e-02,1.000e-02,1.227521e-03,1.656734e+07,9.310051e-09,B-KINETIC,6.835600e+04,2.336271e+09
-29.248,6.702759e-02,2.700e-03,1.654342e-11,1.229296e+15,1.254725e-16,B-KINETIC,5.071997e+12,1.286258e+25
-29.248,6.702759e-02,4.500e-04,1.000000e-30,2.033675e+34,7.584435e-36,B-KINETIC,8.390817e+31,3.520291e+63
-28.759,6.512431e-02,1.000e-01,5.213972e-01,3.704831e+04,5.771340e-08,B-HEAT,1.102700e+04,6.080288e+07
-28.759,6.512431e-02,1.000e-02,1.484866e-03,1.300918e+07,1.183275e-08,B-KINETIC,5.378300e+04,1.446332e+09
-28.759,6.512431e-02,2.700e-03,3.347864e-11,5.769914e+14,2.667879e-16,B-KINETIC,2.385401e+12,2.845069e+24
-28.759,6.512431e-02,4.500e-04,1.000000e-30,1.931689e+34,7.968900e-36,B-KINETIC,7.985997e+31,3.188808e+63
-28.271,6.324384e-02,1.000e-01,5.312947e-01,3.454181e+04,5.658171e-08,B-HEAT,1.124800e+04,6.325875e+07
-28.271,6.324384e-02,1.000e-02,1.792071e-03,1.024060e+07,1.500176e-08,B-KINETIC,4.242200e+04,8.998130e+08
-28.271,6.324384e-02,2.700e-03,6.718017e-11,2.731741e+14,5.623780e-16,B-KINETIC,1.131616e+12,6.402777e+23
-28.271,6.324384e-02,4.500e-04,1.000000e-30,1.835188e+34,8.371191e-36,B-KINETIC,7.602217e+31,2.889685e+63
-27.782,6.138629e-02,1.000e-01,5.412560e-01,3.221876e+04,5.548504e-08,B-HEAT,1.147000e+04,6.578045e+07
-27.782,6.138629e-02,1.000e-02,2.157880e-03,8.081356e+06,1.897220e-08,B-KINETIC,3.354400e+04,5.626000e+08
-27.782,6.138629e-02,2.700e-03,1.336679e-10,1.304621e+14,1.175215e-15,B-KINETIC,5.415145e+11,1.466190e+23
-27.782,6.138629e-02,4.500e-04,1.000000e-30,1.743860e+34,8.792056e-36,B-KINETIC,7.238308e+31,2.619655e+63
-27.293,5.955179e-02,1.000e-01,5.512770e-01,3.006488e+04,5.442227e-08,B-HEAT,1.169400e+04,6.837482e+07
-27.293,5.955179e-02,1.000e-02,2.592381e-03,6.393380e+06,2.393356e-08,B-KINETIC,2.659100e+04,3.535539e+08
-27.293,5.955179e-02,2.700e-03,2.636979e-10,6.285250e+13,2.434530e-15,B-KINETIC,2.614040e+11,3.416604e+22
-27.293,5.955179e-02,4.500e-04,1.000000e-30,1.657408e+34,9.232270e-36,B-KINETIC,6.893171e+31,2.375790e+63
-26.805,5.774044e-02,1.000e-01,5.613535e-01,2.806707e+04,5.339233e-08,B-HEAT,1.192000e+04,7.104320e+07
-26.805,5.774044e-02,1.000e-02,3.107166e-03,5.070712e+06,3.011663e-08,B-KINETIC,2.113200e+04,2.232807e+08
-26.805,5.774044e-02,2.700e-03,5.157760e-10,3.054727e+13,4.999229e-15,B-KINETIC,1.272989e+11,8.102499e+21
-26.805,5.774044e-02,4.500e-04,1.000000e-30,1.575555e+34,9.692635e-36,B-KINETIC,6.565770e+31,2.155467e+63
-26.316,5.595238e-02,1.000e-01,5.714811e-01,2.621329e+04,5.239418e-08,B-HEAT,1.214700e+04,7.378088e+07
-26.316,5.595238e-02,1.000e-02,3.715515e-03,4.031851e+06,3.780160e-08,B-KINETIC,1.683600e+04,1.417254e+08
-26.316,5.595238e-02,2.700e-03,1.000163e-09,1.497797e+13,1.017564e-14,B-KINETIC,6.254114e+10,1.955697e+21
-26.316,5.595238e-02,4.500e-04,1.000000e-30,1.498040e+34,1.017399e-35,B-KINETIC,6.255131e+31,1.956333e+63
-25.827,5.418772e-02,1.000e-01,5.816553e-01,2.449250e+04,5.142683e-08,B-HEAT,1.237500e+04,7.657650e+07
-25.827,5.418772e-02,1.000e-02,4.432585e-03,3.213970e+06,4.732753e-08,B-KINETIC,1.344700e+04,9.041763e+07
-25.827,5.418772e-02,2.700e-03,1.922716e-09,7.409412e+12,2.052919e-14,B-KINETIC,3.099957e+10,4.804867e+20
-25.827,5.418772e-02,4.500e-04,1.000000e-30,1.424619e+34,1.067718e-35,B-KINETIC,5.960336e+31,1.776280e+63
-25.338,5.244660e-02,1.000e-01,5.918713e-01,2.289453e+04,5.048931e-08,B-HEAT,1.260500e+04,7.944932e+07
-25.338,5.244660e-02,1.000e-02,5.275614e-03,2.568538e+06,5.910337e-08,B-KINETIC,1.076800e+04,5.797491e+07
-25.338,5.244660e-02,2.700e-03,3.664156e-09,3.698154e+12,4.105001e-14,B-KINETIC,1.550295e+10,1.201707e+20
-25.338,5.244660e-02,4.500e-04,1.000000e-30,1.355061e+34,1.120313e-35,B-KINETIC,5.680522e+31,1.613416e+63
-24.850,5.072915e-02,1.000e-01,6.021242e-01,2.141003e+04,4.958072e-08,B-HEAT,1.283600e+04,8.238145e+07
-24.850,5.072915e-02,1.000e-02,6.264135e-03,2.057985e+06,7.362076e-08,B-KINETIC,8.645000e+03,3.737234e+07
-24.850,5.072915e-02,2.700e-03,6.921915e-09,1.862418e+12,8.135148e-14,B-KINETIC,7.822797e+09,3.059807e+19
-24.850,5.072915e-02,4.500e-04,1.000000e-30,1.289150e+34,1.175274e-35,B-KINETIC,5.414874e+31,1.466043e+63
-24.361,4.903549e-02,1.000e-01,6.124090e-01,2.003042e+04,4.870016e-08,B-HEAT,1.306800e+04,8.538631e+07
-24.361,4.903549e-02,1.000e-02,7.420200e-03,1.653164e+06,9.146872e-08,B-KINETIC,6.958000e+03,2.420688e+07
-24.361,4.903549e-02,2.700e-03,1.296135e-08,9.464143e+11,1.597745e-13,B-KINETIC,3.983091e+09,7.932505e+18
-24.361,4.903549e-02,4.500e-04,1.000000e-30,1.226681e+34,1.232699e-35,B-KINETIC,5.162624e+31,1.332634e+63
-23.872,4.736578e-02,1.000e-01,6.227203e-01,1.874779e+04,4.784679e-08,B-HEAT,1.330100e+04,8.846495e+07
-23.872,4.736578e-02,1.000e-02,8.768604e-03,1.331412e+06,1.133506e-07,B-KINETIC,5.615000e+03,1.576692e+07
-23.872,4.736578e-02,2.700e-03,2.405603e-08,4.853099e+11,3.109691e-13,B-KINETIC,2.046493e+09,2.094067e+18
-23.872,4.736578e-02,4.500e-04,1.000000e-30,1.167463e+34,1.292687e-35,B-KINETIC,4.923050e+31,1.211821e+63
-23.383,4.572014e-02,1.000e-01,6.330528e-01,1.755486e+04,4.701977e-08,B-HEAT,1.353500e+04,9.160488e+07
-23.383,4.572014e-02,1.000e-02,1.033712e-02,1.075072e+06,1.401032e-07,B-KINETIC,4.543000e+03,1.032170e+07
-23.383,4.572014e-02,2.700e-03,4.425114e-08,2.511382e+11,5.997536e-13,B-KINETIC,1.061096e+09,5.629622e+17
-23.383,4.572014e-02,4.500e-04,1.000000e-30,1.111315e+34,1.355340e-35,B-KINETIC,4.695470e+31,1.102372e+63
-22.895,4.409873e-02,1.000e-01,6.434009e-01,1.644493e+04,4.621834e-08,B-HEAT,1.377000e+04,9.480645e+07
-22.895,4.409873e-02,1.000e-02,1.215673e-02,8.703563e+05,1.727188e-07,B-KINETIC,3.685000e+03,6.791455e+06
-22.895,4.409873e-02,2.700e-03,8.067306e-08,1.311551e+11,1.146176e-12,B-KINETIC,5.552340e+08,1.541424e+17
-22.895,4.409873e-02,4.500e-04,1.000000e-30,1.058069e+34,1.420767e-35,B-KINETIC,4.479242e+31,1.003181e+63
-22.406,4.250168e-02,1.000e-01,6.537588e-01,1.541184e+04,4.544173e-08,B-HEAT,1.400500e+04,9.807702e+07
-22.406,4.250168e-02,1.000e-02,1.426183e-02,7.064750e+05,2.123698e-07,B-KINETIC,2.997000e+03,4.492503e+06
-22.406,4.250168e-02,2.700e-03,1.457512e-07,6.912894e+10,2.170349e-12,B-KINETIC,2.932230e+08,4.298985e+16
-22.406,4.250168e-02,4.500e-04,1.000000e-30,1.007563e+34,1.489078e-35,B-KINETIC,4.273760e+31,9.132512e+62
-21.917,4.092917e-02,1.000e-01,6.641205e-01,1.444990e+04,4.468921e-08,B-HEAT,1.424100e+04,1.014102e+08
-21.917,4.092917e-02,1.000e-02,1.669047e-02,5.749670e+05,2.604359e-07,B-KINETIC,2.444000e+03,2.986568e+06
-21.917,4.092917e-02,2.700e-03,2.609460e-07,3.677570e+10,4.071766e-12,B-KINETIC,1.562948e+08,1.221404e+16
-21.917,4.092917e-02,4.500e-04,1.000000e-30,9.596471e+33,1.560387e-35,B-KINETIC,4.078451e+31,8.316883e+62
-21.429,3.938134e-02,1.000e-01,6.744799e-01,1.355386e+04,4.396009e-08,B-HEAT,1.447700e+04,1.047990e+08
-21.429,3.938134e-02,1.000e-02,1.948453e-02,4.691825e+05,3.185356e-07,B-KINETIC,1.998000e+03,1.996002e+06
-21.429,3.938134e-02,2.700e-03,4.629336e-07,1.974755e+10,7.568096e-12,B-KINETIC,8.408933e+07,3.535508e+15
-21.429,3.938134e-02,4.500e-04,1.000000e-30,9.141803e+33,1.634812e-35,B-KINETIC,3.892777e+31,7.576858e+62
-20.940,3.785836e-02,1.000e-01,6.848307e-01,1.271889e+04,4.325369e-08,B-HEAT,1.471400e+04,1.082509e+08
-20.940,3.785836e-02,1.000e-02,2.268989e-02,3.838840e+05,3.885593e-07,B-KINETIC,1.638000e+03,1.341522e+06
-20.940,3.785836e-02,2.700e-03,8.137484e-07,1.070391e+10,1.393526e-11,B-KINETIC,4.566804e+07,1.042785e+15
-20.940,3.785836e-02,4.500e-04,1.000000e-30,8.710286e+33,1.712478e-35,B-KINETIC,3.716229e+31,6.905180e+62
-20.451,3.636039e-02,1.000e-01,6.951665e-01,1.194054e+04,4.256936e-08,B-HEAT,1.495000e+04,1.117512e+08
-20.451,3.636039e-02,1.000e-02,2.635653e-02,3.149375e+05,4.727072e-07,B-KINETIC,1.347000e+03,9.078780e+05
-20.451,3.636039e-02,2.700e-03,1.417223e-06,5.856991e+09,2.541804e-11,B-KINETIC,2.503718e+07,3.134302e+14
-20.451,3.636039e-02,4.500e-04,1.000000e-30,8.300662e+33,1.793510e-35,B-KINETIC,3.548327e+31,6.295311e+62
-19.962,3.483285e-02,1.000e-01,7.058669e-01,1.120855e+04,4.188356e-08,B-HEAT,1.519500e+04,1.154516e+08
-19.962,3.483285e-02,1.000e-02,3.070636e-02,2.576582e+05,5.766782e-07,B-KINETIC,1.104000e+03,6.094080e+05
-19.962,3.483285e-02,2.700e-03,2.495412e-06,3.170517e+09,4.686487e-11,B-KINETIC,1.357939e+07,9.219986e+13
-19.962,3.483285e-02,4.500e-04,1.000000e-30,7.911747e+33,1.878041e-35,B-KINETIC,3.388616e+31,5.741359e+62
-19.474,3.270394e-02,1.000e-01,7.210553e-01,1.046025e+04,4.096180e-08,B-HEAT,1.553700e+04,1.207070e+08
-19.474,3.270394e-02,1.000e-02,3.799146e-02,1.985294e+05,7.469908e-07,B-KINETIC,8.520000e+02,3.629520e+05
-19.474,3.270394e-02,2.700e-03,5.490070e-06,1.373830e+09,1.079461e-10,B-KINETIC,5.895497e+06,1.737845e+13
-19.474,3.270394e-02,4.500e-04,1.000000e-30,7.542422e+33,1.966207e-35,B-KINETIC,3.236669e+31,5.238013e+62
-18.985,3.065596e-02,1.000e-01,7.359747e-01,9.771578e+03,4.009284e-08,B-HEAT,1.587400e+04,1.259919e+08
-18.985,3.065596e-02,1.000e-02,4.662606e-02,1.542407e+05,6.328503e-07,B-HEAT,1.006000e+03,5.060180e+05
-18.985,3.065596e-02,2.700e-03,1.172183e-05,6.135250e+08,2.412525e-10,B-KINETIC,2.637884e+06,3.479216e+12
-18.985,3.065596e-02,4.500e-04,2.594012e-30,2.772399e+33,5.338859e-35,B-KINETIC,1.192008e+31,7.104410e+61
-18.496,2.868780e-02,1.000e-01,7.506033e-01,9.137170e+03,3.927373e-08,B-HEAT,1.620500e+04,1.313091e+08
-18.496,2.868780e-02,1.000e-02,5.676816e-02,1.208140e+05,5.192874e-07,B-HEAT,1.226000e+03,7.515380e+05
-18.496,2.868780e-02,2.700e-03,2.429816e-05,2.822596e+08,5.233848e-10,B-KINETIC,1.215924e+06,7.392356e+11
-18.496,2.868780e-02,4.500e-04,2.057977e-28,3.332588e+31,4.432903e-33,B-KINETIC,1.435619e+29,1.030501e+58
-18.008,2.679833e-02,1.000e-01,7.649205e-01,8.552200e+03,3.850170e-08,B-HEAT,1.653000e+04,1.366204e+08
-18.008,2.679833e-02,1.000e-02,6.857458e-02,9.539619e+04,4.294703e-07,B-HEAT,1.482000e+03,1.098162e+06
-18.008,2.679833e-02,2.700e-03,4.892076e-05,1.337214e+08,1.102646e-09,B-KINETIC,5.771540e+05,1.665534e+11
-18.008,2.679833e-02,4.500e-04,1.370752e-26,4.772381e+29,3.089599e-31,B-KINETIC,2.059802e+27,2.121392e+54
-17.519,2.498643e-02,1.000e-01,7.789065e-01,8.012309e+03,3.777421e-08,B-HEAT,1.684800e+04,1.419276e+08
-17.519,2.498643e-02,1.000e-02,8.219647e-02,7.592588e+04,3.579542e-07,B-HEAT,1.778000e+03,1.580642e+06
-17.519,2.498643e-02,2.700e-03,9.570569e-05,6.520866e+07,2.256840e-09,B-KINETIC,2.819860e+05,3.975805e+10
-17.519,2.498643e-02,4.500e-04,7.684692e-25,8.121132e+27,1.812131e-29,B-KINETIC,3.511866e+25,6.166602e+50
-17.030,2.325093e-02,1.000e-01,7.925424e-01,7.513561e+03,3.708886e-08,B-HEAT,1.715900e+04,1.472242e+08
-17.030,2.325093e-02,1.000e-02,9.777436e-02,6.090365e+04,3.006360e-07,B-HEAT,2.117000e+03,2.241903e+06
-17.030,2.325093e-02,2.700e-03,1.820089e-04,3.271717e+07,4.489530e-09,B-KINETIC,1.417520e+05,1.004681e+10
-17.030,2.325093e-02,4.500e-04,3.635429e-23,1.637995e+26,8.967346e-28,B-KINETIC,7.096817e+23,2.518240e+47
-16.541,2.159067e-02,1.000e-01,8.058105e-01,7.052394e+03,3.644341e-08,B-HEAT,1.746300e+04,1.524869e+08
-16.541,2.159067e-02,1.000e-02,1.154328e-01,4.923118e+04,2.544033e-07,B-HEAT,2.502000e+03,3.130002e+06
-16.541,2.159067e-02,2.700e-03,3.366244e-04,1.688200e+07,8.684099e-09,B-KINETIC,7.328300e+04,2.685236e+09
-16.541,2.159067e-02,4.500e-04,1.455035e-21,3.905674e+24,3.753640e-26,B-KINETIC,1.695411e+22,1.437208e+44
-16.053,2.000446e-02,1.000e-01,8.186943e-01,6.625588e+03,3.583580e-08,B-HEAT,1.775900e+04,1.576999e+08
-16.053,2.000446e-02,1.000e-02,1.352750e-01,4.009855e+04,2.168809e-07,B-HEAT,2.935000e+03,4.308580e+06
-16.053,2.000446e-02,2.700e-03,6.057410e-04,8.954869e+06,1.634042e-08,B-KINETIC,3.894700e+04,7.584539e+08
-16.053,2.000446e-02,4.500e-04,4.939942e-20,1.098056e+23,1.332594e-24,B-KINETIC,4.775617e+20,1.140326e+41
-15.564,1.849110e-02,1.000e-01,8.311782e-01,6.230224e+03,3.526406e-08,B-HEAT,1.804700e+04,1.628561e+08
-15.564,1.849110e-02,1.000e-02,1.573771e-01,3.290457e+04,1.862451e-07,B-HEAT,3.417000e+03,5.839653e+06
-15.564,1.849110e-02,2.700e-03,1.060986e-03,4.880768e+06,2.992329e-08,B-KINETIC,2.126800e+04,2.261639e+08
-15.564,1.849110e-02,4.500e-04,1.426455e-18,3.630278e+21,4.023071e-23,B-KINETIC,1.581866e+19,1.251151e+38
-15.075,1.704939e-02,1.000e-01,8.432483e-01,5.863658e+03,3.472637e-08,B-HEAT,1.832700e+04,1.679486e+08
-15.075,1.704939e-02,1.000e-02,1.817835e-01,2.720004e+04,1.610869e-07,B-HEAT,3.951000e+03,7.807176e+06
-15.075,1.704939e-02,2.700e-03,1.809711e-03,2.732214e+06,5.335309e-08,B-KINETIC,1.192900e+04,7.115648e+07
-15.075,1.704939e-02,4.500e-04,3.512817e-17,1.407565e+20,1.035633e-21,B-KINETIC,6.144997e+17,1.888049e+35
-14.586,1.567808e-02,1.000e-01,8.548914e-01,5.523487e+03,3.422103e-08,B-HEAT,1.859700e+04,1.729335e+08
-14.586,1.567808e-02,1.000e-02,2.085018e-01,2.264720e+04,1.403118e-07,B-HEAT,4.536000e+03,1.028765e+07
-14.586,1.567808e-02,2.700e-03,3.007351e-03,1.570146e+06,9.266432e-08,B-KINETIC,6.868000e+03,2.358471e+07
-14.586,1.567808e-02,4.500e-04,7.397838e-16,6.382921e+18,2.279466e-20,B-KINETIC,2.791864e+16,3.897253e+32
-14.098,1.437592e-02,1.000e-01,8.660963e-01,5.207532e+03,3.374643e-08,B-HEAT,1.885900e+04,1.778404e+08
-14.098,1.437592e-02,1.000e-02,2.374989e-01,1.899050e+04,1.230644e-07,B-HEAT,5.172000e+03,1.337479e+07
-14.098,1.437592e-02,2.700e-03,4.871197e-03,9.258966e+05,1.568448e-07,B-KINETIC,4.058000e+03,8.233682e+06
-14.098,1.437592e-02,4.500e-04,1.336023e-14,3.375858e+17,4.301782e-19,B-KINETIC,1.479378e+15,1.094279e+30
-13.609,1.314165e-02,1.000e-01,8.768525e-01,4.913812e+03,3.330106e-08,B-HEAT,1.911100e+04,1.826247e+08
-13.609,1.314165e-02,1.000e-02,2.686986e-01,1.603540e+04,1.086724e-07,B-HEAT,5.857000e+03,1.715515e+07
-13.609,1.314165e-02,2.700e-03,7.694285e-03,5.599856e+05,2.588435e-07,B-KINETIC,2.459000e+03,3.024570e+06
-13.609,1.314165e-02,4.500e-04,2.074960e-13,2.076517e+16,6.980372e-18,B-KINETIC,9.116936e+13,4.155926e+27
-13.120,1.197397e-02,1.000e-01,8.871514e-01,4.640524e+03,3.288353e-08,B-HEAT,1.935400e+04,1.872887e+08
-13.120,1.197397e-02,1.000e-02,3.019793e-01,1.363288e+04,9.660485e-08,B-HEAT,6.588000e+03,2.170087e+07
-13.120,1.197397e-02,2.700e-03,1.185741e-02,3.471962e+05,4.166985e-07,B-KINETIC,1.528000e+03,1.167392e+06
-13.120,1.197397e-02,4.500e-04,2.779318e-12,1.481244e+15,9.767210e-17,B-KINETIC,6.515638e+12,2.122677e+25
-12.632,1.087156e-02,1.000e-01,8.969855e-01,4.386026e+03,3.249249e-08,B-HEAT,1.958600e+04,1.918057e+08
-12.632,1.087156e-02,1.000e-02,3.371739e-01,1.166817e+04,8.643993e-08,B-HEAT,7.363000e+03,2.711057e+07
-12.632,1.087156e-02,2.700e-03,1.783656e-02,2.205695e+05,6.546905e-07,B-KINETIC,9.730000e+02,4.738510e+05
-12.632,1.087156e-02,4.500e-04,3.220079e-11,1.221772e+14,1.181929e-15,B-KINETIC,5.384383e+11,1.449579e+23
-12.143,9.833103e-03,1.000e-01,9.063488e-01,4.148822e+03,3.212670e-08,B-HEAT,1.980900e+04,1.962081e+08
-12.143,9.833103e-03,1.000e-02,3.740707e-01,1.005232e+04,7.784087e-08,B-HEAT,8.176000e+03,3.342349e+07
-12.143,9.833103e-03,2.700e-03,2.620277e-02,1.435070e+05,1.004372e-06,B-KINETIC,6.340000e+02,2.009780e+05
-12.143,9.833103e-03,4.500e-04,3.236556e-10,1.161815e+13,1.240597e-14,B-KINETIC,5.129759e+10,1.315721e+21
-11.654,8.857228e-03,1.000e-01,9.152370e-01,3.927547e+03,3.178496e-08,B-HEAT,2.002200e+04,2.004402e+08
-11.654,8.857228e-03,1.000e-02,4.124160e-01,8.716046e+03,7.053745e-08,B-HEAT,9.023000e+03,4.071178e+07
-11.654,8.857228e-03,2.700e-03,3.761115e-02,9.557370e+04,7.734614e-07,B-HEAT,8.230000e+02,3.390760e+05
-11.654,8.857228e-03,4.500e-04,2.830737e-09,1.269859e+12,1.132921e-13,B-KINETIC,5.617304e+09,1.577705e+19
-11.165,7.942553e-03,1.000e-01,9.236468e-01,3.720958e+03,3.146617e-08,B-HEAT,2.022500e+04,2.045354e+08
-11.165,7.942553e-03,1.000e-02,4.519177e-01,7.605037e+03,6.431177e-08,B-HEAT,9.896000e+03,4.896541e+07
-11.165,7.942553e-03,2.700e-03,5.277666e-02,6.512066e+04,5.506909e-07,B-HEAT,1.156000e+03,6.681680e+05
-11.165,7.942553e-03,4.500e-04,2.160983e-08,1.590411e+11,9.028900e-13,B-KINETIC,7.048434e+08,2.484021e+17
-10.677,7.087668e-03,1.000e-01,9.315768e-01,3.527914e+03,3.116925e-08,B-HEAT,2.041800e+04,2.084474e+08
-10.677,7.087668e-03,1.000e-02,4.922509e-01,6.676520e+03,5.898730e-08,B-HEAT,1.078900e+04,5.820666e+07
-10.677,7.087668e-03,2.700e-03,7.243526e-02,4.537187e+04,4.008621e-07,B-HEAT,1.588000e+03,1.260872e+06
-10.677,7.087668e-03,4.500e-04,1.444442e-07,2.275289e+10,6.299388e-12,B-KINETIC,1.010251e+08,5.103033e+15
-10.188,6.291133e-03,1.000e-01,9.390267e-01,3.347377e+03,3.089322e-08,B-HEAT,2.060000e+04,2.121800e+08
-10.188,6.291133e-03,1.000e-02,5.330643e-01,5.896619e+03,5.442037e-08,B-HEAT,1.169500e+04,6.839236e+07
-10.188,6.291133e-03,2.700e-03,9.729097e-02,3.230800e+04,2.981732e-07,B-HEAT,2.135000e+03,2.280180e+06
-10.188,6.291133e-03,4.500e-04,8.480769e-07,3.706358e+09,3.859931e-11,B-KINETIC,1.648724e+07,1.359146e+14
-9.699,5.795290e-03,1.000e-01,9.436944e-01,3.186153e+03,3.071189e-08,B-HEAT,2.072200e+04,2.147006e+08
-9.699,5.795290e-03,1.000e-02,5.601621e-01,5.367651e+03,5.173973e-08,B-HEAT,1.230000e+04,7.564500e+07
-9.699,5.795290e-03,2.700e-03,1.169038e-01,2.571990e+04,2.479187e-07,B-HEAT,2.567000e+03,3.296028e+06
-9.699,5.795290e-03,4.500e-04,2.552537e-06,1.177948e+09,1.212256e-10,B-KINETIC,5.249683e+06,1.377959e+13
-9.211,5.464496e-03,1.000e-01,9.468212e-01,3.038186e+03,3.058211e-08,B-HEAT,2.081000e+04,2.165280e+08
-9.211,5.464496e-03,1.000e-02,5.790019e-01,4.968239e+03,5.000984e-08,B-HEAT,1.272600e+04,8.097554e+07
-9.211,5.464496e-03,2.700e-03,1.321408e-01,2.176935e+04,2.191284e-07,B-HEAT,2.905000e+03,4.220965e+06
-9.211,5.464496e-03,4.500e-04,5.323794e-06,5.403326e+08,2.637877e-10,B-KINETIC,2.412532e+06,2.910155e+12
-8.722,5.136095e-03,1.000e-01,9.499357e-01,2.897618e+03,3.045366e-08,B-HEAT,2.089800e+04,2.183632e+08
-8.722,5.136095e-03,1.000e-02,5.983320e-01,4.600373e+03,4.834945e-08,B-HEAT,1.316300e+04,8.663887e+07
-8.722,5.136095e-03,2.700e-03,1.492314e-01,1.844485e+04,1.938535e-07,B-HEAT,3.283000e+03,5.390686e+06
-8.722,5.136095e-03,4.500e-04,1.104487e-05,2.492152e+08,5.708705e-10,B-KINETIC,1.114782e+06,6.213695e+11
-8.233,4.810203e-03,1.000e-01,9.530365e-01,2.764056e+03,3.032657e-08,B-HEAT,2.098500e+04,2.201956e+08
-8.233,4.810203e-03,1.000e-02,6.181524e-01,4.261483e+03,4.675599e-08,B-HEAT,1.361200e+04,9.264327e+07
-8.233,4.810203e-03,2.700e-03,1.683759e-01,1.564503e+04,1.716536e-07,B-HEAT,3.708000e+03,6.874632e+06
-8.233,4.810203e-03,4.500e-04,2.278657e-05,1.156052e+08,1.228380e-09,B-KINETIC,5.180780e+05,1.342024e+11
-7.744,4.486947e-03,1.000e-01,9.561223e-01,2.637130e+03,3.020085e-08,B-HEAT,2.107300e+04,2.220462e+08
-7.744,4.486947e-03,1.000e-02,6.384610e-01,3.949213e+03,4.522704e-08,B-HEAT,1.407200e+04,9.901059e+07
-7.744,4.486947e-03,2.700e-03,1.897909e-01,1.328525e+04,1.521448e-07,B-HEAT,4.183000e+03,8.750836e+06
-7.744,4.486947e-03,4.500e-04,4.673607e-05,5.395017e+07,2.627345e-09,B-KINETIC,2.422210e+05,2.933563e+10
-7.256,4.166472e-03,1.000e-01,9.591913e-01,2.516492e+03,3.007654e-08,B-HEAT,2.116000e+04,2.238728e+08
-7.256,4.166472e-03,1.000e-02,6.592534e-01,3.661410e+03,4.376034e-08,B-HEAT,1.454300e+04,1.057567e+08
-7.256,4.166472e-03,2.700e-03,2.137094e-01,1.129476e+04,1.349924e-07,B-HEAT,4.715000e+03,1.111797e+07
-7.256,4.166472e-03,4.500e-04,9.526694e-05,2.533719e+07,5.584089e-09,B-KINETIC,1.139660e+05,6.494125e+09
-6.767,4.657916e-03,1.000e-01,9.544890e-01,2.421321e+03,3.019697e-08,B-HEAT,2.107500e+04,2.220884e+08
-6.767,4.657916e-03,1.000e-02,6.276381e-01,3.682256e+03,4.592245e-08,B-HEAT,1.385900e+04,9.604287e+07
-6.767,4.657916e-03,2.700e-03,1.781456e-01,1.297323e+04,1.617928e-07,B-HEAT,3.934000e+03,7.738178e+06
-6.767,4.657916e-03,4.500e-04,3.196326e-05,7.230565e+07,1.953175e-09,B-KINETIC,3.258270e+05,5.308178e+10
-6.278,6.525017e-03,1.000e-01,9.368331e-01,2.362380e+03,3.073789e-08,B-HEAT,2.070400e+04,2.143278e+08
-6.278,6.525017e-03,1.000e-02,5.207414e-01,4.250010e+03,5.529860e-08,B-HEAT,1.150900e+04,6.623430e+07
-6.278,6.525017e-03,2.700e-03,8.921796e-02,2.480617e+04,3.227632e-07,B-HEAT,1.972000e+03,1.944392e+06
-6.278,6.525017e-03,4.500e-04,5.043286e-07,4.388321e+09,3.212320e-11,B-KINETIC,1.981110e+07,1.962399e+14
-5.789,7.740252e-03,1.000e-01,9.255172e-01,2.290246e+03,3.108526e-08,B-HEAT,2.047300e+04,2.095821e+08
-5.789,7.740252e-03,1.000e-02,4.611531e-01,4.596439e+03,6.238696e-08,B-HEAT,1.020100e+04,5.203530e+07
-5.789,7.740252e-03,2.700e-03,5.688294e-02,3.726358e+04,5.057745e-07,B-HEAT,1.259000e+03,7.931700e+05
-5.789,7.740252e-03,4.500e-04,3.387600e-08,6.257120e+10,2.248786e-12,B-KINETIC,2.829954e+08,4.004319e+16
-5.301,7.134446e-03,1.000e-01,9.311411e-01,2.180575e+03,3.086931e-08,B-HEAT,2.061600e+04,2.125097e+08
-5.301,7.134446e-03,1.000e-02,4.899536e-01,4.144113e+03,5.866613e-08,B-HEAT,1.084800e+04,5.883955e+07
-5.301,7.134446e-03,2.700e-03,7.119110e-02,2.852074e+04,4.037539e-07,B-HEAT,1.577000e+03,1.244253e+06
-5.301,7.134446e-03,4.500e-04,1.301830e-07,1.559668e+10,9.005280e-12,B-KINETIC,7.066922e+07,2.497069e+15
-4.812,6.524381e-03,1.000e-01,9.368390e-01,2.076378e+03,3.065361e-08,B-HEAT,2.076100e+04,2.155199e+08
-4.812,6.524381e-03,1.000e-02,5.207745e-01,3.735267e+03,5.514382e-08,B-HEAT,1.154100e+04,6.660311e+07
-4.812,6.524381e-03,2.700e-03,8.923899e-02,2.179801e+04,3.218044e-07,B-HEAT,1.978000e+03,1.956242e+06
-4.812,6.524381e-03,4.500e-04,5.050424e-07,3.851622e+09,3.639940e-11,B-KINETIC,1.748370e+07,1.528398e+14
-4.323,5.909586e-03,1.000e-01,9.426164e-01,1.977360e+03,3.043802e-08,B-HEAT,2.090800e+04,2.185722e+08
-4.323,5.909586e-03,1.000e-02,5.537962e-01,3.365664e+03,5.180856e-08,B-HEAT,1.228400e+04,7.544833e+07
-4.323,5.909586e-03,2.700e-03,1.120583e-01,1.663323e+04,2.560397e-07,B-HEAT,2.486000e+03,3.090098e+06
-4.323,5.909586e-03,4.500e-04,1.980000e-06,9.413595e+08,1.486593e-10,B-KINETIC,4.280904e+06,9.163070e+12
-3.835,5.402434e-03,1.000e-01,9.474090e-01,1.885369e+03,3.025656e-08,B-HEAT,2.103400e+04,2.212146e+08
-3.835,5.402434e-03,1.000e-02,5.826065e-01,3.065905e+03,4.920188e-08,B-HEAT,1.293500e+04,8.366358e+07
-3.835,5.402434e-03,2.700e-03,1.352134e-01,1.321035e+04,2.120008e-07,B-HEAT,3.002000e+03,4.506002e+06
-3.835,5.402434e-03,4.500e-04,6.111074e-06,2.922917e+08,4.779058e-10,B-KINETIC,1.331636e+06,8.866272e+11
-3.346,5.099126e-03,1.000e-01,9.502870e-01,1.801590e+03,3.013759e-08,B-HEAT,2.111700e+04,2.229744e+08
-3.346,5.099126e-03,1.000e-02,6.005481e-01,2.850776e+03,4.768871e-08,B-HEAT,1.334500e+04,8.905118e+07
-3.346,5.099126e-03,2.700e-03,1.512887e-01,1.131629e+04,1.893027e-07,B-HEAT,3.362000e+03,5.651522e+06
-3.346,5.099126e-03,4.500e-04,1.199057e-05,1.427812e+08,9.765630e-10,B-KINETIC,6.516700e+05,2.123369e+11
-2.857,4.769057e-03,1.000e-01,9.534288e-01,1.721323e+03,3.001111e-08,B-HEAT,2.120600e+04,2.248472e+08
-2.857,4.769057e-03,1.000e-02,6.207011e-01,2.644041e+03,4.609861e-08,B-HEAT,1.380600e+04,9.530282e+07
-2.857,4.769057e-03,2.700e-03,1.709614e-01,9.599588e+03,1.673679e-07,B-HEAT,3.803000e+03,7.233306e+06
-2.857,4.769057e-03,4.500e-04,2.496828e-05,6.572975e+07,2.117500e-09,B-KINETIC,3.005420e+05,4.516275e+10
-2.368,4.404571e-03,1.000e-01,9.569102e-01,1.644304e+03,2.987493e-08,B-HEAT,2.130300e+04,2.269196e+08
-2.368,4.404571e-03,1.000e-02,6.437421e-01,2.444226e+03,4.440850e-08,B-HEAT,1.433100e+04,1.026959e+08
-2.368,4.404571e-03,2.700e-03,1.956706e-01,8.041324e+03,1.461007e-07,B-HEAT,4.356000e+03,9.487368e+06
-2.368,4.404571e-03,4.500e-04,5.612467e-05,2.803493e+07,4.955659e-09,B-KINETIC,1.284190e+05,8.245784e+09
-1.880,4.091985e-03,1.000e-01,9.599061e-01,1.571771e+03,2.975485e-08,B-HEAT,2.138800e+04,2.287233e+08
-1.880,4.091985e-03,1.000e-02,6.641824e-01,2.271593e+03,4.300304e-08,B-HEAT,1.479900e+04,1.095126e+08
-1.880,4.091985e-03,2.700e-03,2.196873e-01,6.867726e+03,1.300114e-07,B-HEAT,4.895000e+03,1.198296e+07
-1.880,4.091985e-03,4.500e-04,1.124164e-04,1.342110e+07,1.033307e-08,B-KINETIC,6.158900e+04,1.896633e+09
-1.391,4.053306e-03,1.000e-01,9.602774e-01,1.506772e+03,2.971659e-08,B-HEAT,2.141600e+04,2.293225e+08
-1.391,4.053306e-03,1.000e-02,6.667563e-01,2.170087e+03,4.279849e-08,B-HEAT,1.487000e+04,1.105584e+08
-1.391,4.053306e-03,2.700e-03,2.228571e-01,6.492587e+03,1.280469e-07,B-HEAT,4.971000e+03,1.235791e+07
-1.391,4.053306e-03,4.500e-04,1.225065e-04,1.181096e+07,1.172063e-08,B-KINETIC,5.429800e+04,1.474136e+09
