phi,seed,chord_x_um,chord_y_um,chord_ratio,F_ratio,k_ratio_0,k_ratio_30
0.275,1601,101.748516867343,99.98309761986891,1.0176571769579108,1.049518348668696,1.2101333941352448,1.1981766061001122
0.275,1602,97.87389455208263,96.57647215560884,1.0134341456828462,1.0220154935241346,0.9420435964248569,0.9333846748065627
0.275,1603,96.63679371002132,95.05652957561855,1.0166244669509594,1.0180726817594583,1.1367741404940421,1.099906657194533
0.275,1604,103.50765934654525,101.69205402560954,1.017853954650955,1.0890436124126945,1.079503143386157,1.0130749198693783
0.275,1605,99.70659423777762,98.92771618625275,1.007873203603108,1.0164278584542876,0.9571568678667165,0.864484971523882
0.325,1701,100.62088628824867,99.24854790088963,1.013827289329507,1.138577424916441,1.087699994047575,1.0684176584255864
0.325,1702,102.64391578627347,100.75246195165622,1.0187732765828077,1.078227470594105,1.0420640320471413,1.0112600504160867
0.325,1703,101.47982400060171,99.8649198771326,1.0161708848858635,1.0644443909069483,1.0405295276693367,1.0107512195388466
0.325,1704,100.72733375601388,99.30149275682035,1.0143587065975461,1.0481367553164218,1.0234031879484446,1.035773850148466
0.325,1705,92.4504760600041,90.71984540413376,1.0190766490855536,1.0482312426710154,1.0599675184581017,0.991261014097321
0.375,1801,96.91493237220479,95.48650196647449,1.0149595008332364,1.07077468740912,1.0017578534675224,0.8899573870664534
0.375,1802,98.58315922261205,96.8573143808823,1.0178184255134624,1.1400256296280322,0.9254491635067644,0.843661218246805
0.375,1803,101.58550359566082,99.82528845769953,1.017632958192825,1.1811680434650278,1.183680750331231,1.0608734089582048
0.375,1804,98.41158176521533,97.0778222204963,1.0137390756633335,1.0880422219414587,0.9240692715785298,0.9335438908712455
0.375,1805,97.71177367043103,95.95326170376055,1.0183267554999806,1.113563055857305,0.9039224107379964,0.8046197558699194
0.425,1901,98.1420098143802,96.91787113901647,1.0126306806059313,1.1446595927412189,0.8643504506192426,0.7786765676416503
0.425,1902,98.84292901062045,97.98763853367434,1.0087285548437028,1.0679784238346044,0.8201587475287081,0.8097308192439863
0.425,1903,97.56834959694527,95.7524253653662,1.0189647857445907,1.1435832829199948,0.9967408173422329,1.0375449553210103
0.425,1904,99.157574712148,99.03798940431581,1.0012074690586052,1.0117544621237704,0.6507710203120816,0.5810304213093513
0.425,1905,99.35439702833449,98.65978983487025,1.0070404284727021,1.0613622407258192,0.850336733250861,0.7545897951087683
0.475,2001,95.63830562514234,94.58283783783784,1.01115918925074,1.0624950307874876,0.6969714973742304,0.5985191189998315
0.475,2002,99.45844186597208,100.82893220664491,0.9864077669902912,0.8146699956424434,0.46288612515133,0.4116813669890623
0.475,2003,98.67388852335746,98.19854076048829,1.004840680515086,1.0764053543381622,0.9293094676110505,0.8969628384074297
0.475,2004,101.06564635672348,99.769194222729,1.012994513427664,1.2244803744566994,0.7452608671823999,0.6378207607633649
0.475,2005,100.39198622932007,99.05633138327985,1.0134837907621688,1.085346615407035,0.7077192632437902,0.630320775393543
