family,name,L_over_R,porosity,periodic,n_grains,n_contacts,z_band,F_xx,F_yy,F_xy,F_ratio,F_major_deg,seam_contacts_per_L,interior_contacts_per_L,seam_ratio,seam_z,xline_seam_ratio,seam_max_shift_R
pilot_LR40,pilot_phi0.325_Rave50um_LR40_seed1,41.4,0.32505130767822266,xy,309,520,3.365695792880259,0.5127627927639895,0.48723720723601066,0.0035697308531724326,1.0523884160505308,7.813106665955701,3000.0,9059.426229508197,0.33114679936665914,-2.9888225352089806,0.9269675663415741,0.5812192083739398
pilot_LR40,pilot_phi0.325_Rave50um_LR40_seed2,41.6,0.32506561279296875,xy,308,532,3.4545454545454546,0.5226750725543557,0.4773249274456443,-0.0002668832458459439,1.0950089603562045,179.6628328855631,8458.333333333334,8932.377049180328,0.9469297239428004,-0.23059809046187776,0.5751453282291225,1.3448397045864526
pilot_LR40,pilot_phi0.325_Rave50um_LR40_seed3,43.6,0.3249177932739258,xy,336,566,3.369047619047619,0.5258736694554856,0.47412633054451436,0.008879106389449415,1.1091425124007384,9.470380254636154,8125.0,8983.606557377048,0.9044251824817519,-0.3004672177823255,0.9576821522871618,0.8543407695750874
pilot_LR40,pilot_phi0.325_Rave50um_LR40_seed4,41.7,0.3251810073852539,xy,310,517,3.335483870967742,0.5180851880880051,0.4819148119119946,-0.0017792368015032082,1.0750555394479466,177.19063574600176,3208.3333333333335,8915.983606557376,0.35984064965908225,-3.0606894378090437,1.0218664294714994,0.917293071510696
rev_LR64,rev_phi0.325_Rave50um_LR64_seed1,67.1,0.32477283477783203,xy,797,1405,3.5257214554579672,0.5177326072695829,0.48226739273041735,-0.0019095217043509703,1.0735384873075802,176.92691665341985,7070.3125,9086.441532258064,0.7781167660518652,-1.3236695136041288,1.0006614631565023,1.193047554969721
rev_LR64,rev_phi0.325_Rave50um_LR64_seed2,67.8,0.32538795471191406,xy,805,1394,3.463354037267081,0.5266367888455011,0.47336321115449886,-0.000899490549869516,1.1125427080847112,179.03296459221605,5976.5625,8904.989919354839,0.6711475873779539,-2.0540047936618375,1.0776841823773233,1.6486352018032748
rev_LR64,rev_phi0.325_Rave50um_LR64_seed3,63.5,0.32486629486083984,xy,724,1268,3.5027624309392267,0.5147325267267749,0.48526747327322534,-0.0004349332259342061,1.0607192014226752,179.1545034039303,4179.6875,8665.574596774193,0.48233241238912317,-3.179566466154856,0.8251767641757938,0.8378914545173626
rev_LR64,rev_phi0.325_Rave50um_LR64_seed4,66.3,0.32540035247802734,xy,769,1270,3.3029908972691806,0.5225646587187477,0.47743534128125265,0.007913291048424826,1.0945244591998267,9.662731905300802,6679.6875,8475.302419354839,0.788135593220339,-1.3866513467468609,1.0151686986107173,1.6796492420224685
prod_LR40_xy,phi0.325_Rave2.5um_seed1,41.5,0.32473278045654297,xy,312,511,3.2756410256410255,0.5315140324981052,0.4684859675018948,0.002098342033328777,1.1345356517982697,1.9046902405906394,100000.0,171967.2131147541,0.5815061963775024,-1.9444203735117795,0.921086577130283,0.8631237988096764
prod_LR40_xy,phi0.325_Rave2.5um_seed2,41.6,0.32533740997314453,xy,308,510,3.311688311688312,0.5254394067369994,0.47456059326300054,-0.007701261792782607,1.1072124702225368,171.57869088607643,125833.33333333333,171762.29508196723,0.7326016066173545,-1.336992195270497,0.7836192173461052,0.6360649651409153
prod_LR40_xy,phi0.325_Rave2.5um_seed3,43.8,0.3249320983886719,xy,339,560,3.303834808259587,0.5191124986470014,0.4808875013529988,0.010266691997252516,1.079488439991588,14.121715225114144,122500.0,181680.32786885247,0.6742612226483193,-1.632612157826629,0.8450442730648385,0.9270746476082475
prod_LR40_x,phi0.325_Rave2.5um_seed1,41.4,0.3248577117919922,x,313,506,3.2332268370607027,0.5340333481983515,0.4659666518016487,0.00027026782122990817,1.1460763257059803,0.2274956889153259,,,,,,
prod_LR40_x,phi0.325_Rave2.5um_seed2,41.5,0.3248872756958008,x,311,497,3.1961414790996785,0.5369620420326094,0.46303795796739056,-0.0017996283706818905,1.1596501599776514,178.6062762930524,,,,,,
prod_LR40_x,phi0.325_Rave2.5um_seed3,43.9,0.3251371383666992,x,342,556,3.2514619883040936,0.5248593001286086,0.4751406998713914,0.008631720035922963,1.1046397420188898,9.574087859884116,,,,,,
prod_LR40_y,phi0.325_Rave2.5um_seed1,41.9,0.32503509521484375,y,313,522,3.3354632587859423,0.5173999631238384,0.48260003687616143,0.005183914531271342,1.0721092490438555,8.295101048189366,,,,,,
prod_LR40_y,phi0.325_Rave2.5um_seed2,41.5,0.3249988555908203,y,309,520,3.365695792880259,0.5148577212376945,0.4851422787623054,0.006749646560395479,1.0612509850743148,12.215803617255688,,,,,,
prod_LR40_y,phi0.325_Rave2.5um_seed3,38.9,0.3250598907470703,y,276,446,3.2318840579710146,0.5178934512139395,0.4821065487860605,0.008690247626378603,1.0742302765187282,12.952143486155677,,,,,,
prod_LR40_none,phi0.325_Rave2.5um_seed1,42.1,0.3251628875732422,none,315,509,3.231746031746032,0.5102651919811816,0.48973480801881863,-0.008751612684015638,1.0419214309993952,159.77533693378047,,,,,,
prod_LR40_none,phi0.325_Rave2.5um_seed2,41.6,0.3253602981567383,none,311,484,3.112540192926045,0.5231462418764883,0.47685375812351183,-0.007985445797387495,1.097078995319538,170.48279128382006,,,,,,
prod_LR40_none,phi0.325_Rave2.5um_seed3,38.9,0.32508087158203125,none,278,437,3.143884892086331,0.531190014576067,0.468809985423933,0.001707261672893202,1.1330603679350502,1.5665489480489896,,,,,,
design,LR10_phi0.325_seed1,11.9,0.3248872756958008,xy,26,43,3.3076923076923075,0.5461447217693642,0.4538552782306357,-0.005269618264332546,1.2033455331807992,176.74258979778088,100000.0,209433.96226415093,0.4774774774774775,-1.4843326109357529,1.104252828716348,0.6077665972369215
design,LR10_phi0.325_seed2,10.2,0.32222461700439453,xy,19,29,3.0526315789473686,0.518049178528045,0.4819508214719551,0.06945525634073357,1.0749004990713362,37.71644182965477,174400.0,157475.7281553398,1.1074722564734896,0.39022475998652434,0.8344303797468355,0.8886148322179217
design,LR10_phi0.325_seed3,10.3,0.32509517669677734,xy,20,33,3.3,0.5144489741383166,0.48555102586168325,0.00500378170960309,1.0595157804997932,9.550665333711777,68000.0,196116.50485436892,0.34673267326732676,-1.6990489088028413,0.42073217726396916,0.38090146117836615
design,LR20_phi0.325_seed1,21.2,0.3249368667602539,xy,83,138,3.325301204819277,0.5382830862263723,0.46171691377362767,0.03043704951253433,1.1658292563444705,19.243264891139233,118333.33333333333,180258.62068965516,0.6564642117009406,-0.8672797652444636,1.2021193704223156,1.7516323561348073
design,LR20_phi0.325_seed2,20.7,0.3249320983886719,xy,77,121,3.142857142857143,0.4959593481213517,0.5040406518786484,-0.006289167874782232,0.9839669603489791,118.64007406831942,97500.0,175172.41379310345,0.5565944881889764,-1.5081150770777283,0.988691983122363,0.5213893023092806
design,LR20_phi0.325_seed3,19.8,0.32489681243896484,xy,69,117,3.391304347826087,0.5372376160726754,0.4627623839273245,0.007526621648877378,1.1609362271697672,5.713454313935131,124615.38461538461,161652.1739130435,0.7708859188149129,-0.8778859313606444,0.9209339048048726,1.827437745502563
design,LR40_phi0.325_seed1,41.5,0.32473278045654297,xy,312,511,3.2756410256410255,0.5315140324981052,0.4684859675018948,0.002098342033328777,1.1345356517982697,1.9046902405906394,100000.0,171967.2131147541,0.5815061963775024,-1.9444203735117795,0.921086577130283,0.8631237988096764
design,LR40_phi0.325_seed2,41.7,0.3250694274902344,xy,303,541,3.570957095709571,0.5193966957923819,0.4806033042076181,0.00966928095370038,1.0807181125163576,13.24816074149254,105833.33333333333,180614.75409836066,0.5859617275546478,-1.9506473736740884,1.104548394050442,1.1069780434493723
design,LR40_phi0.325_seed3,38.9,0.3250608444213867,xy,272,474,3.485294117647059,0.5279715543655326,0.47202844563446766,0.005700616795713072,1.1185163929175286,5.759578099082091,122142.85714285714,167727.27272727274,0.7282229965156795,-1.233591011293281,0.9294248949579832,1.587540435767852
design,phi0.30_seed1,41.9,0.2999849319458008,xy,327,590,3.6085626911314983,0.5082090745130653,0.4917909254869346,0.0017872991570674055,1.0333844082419266,6.141442575535194,144166.66666666666,199795.0819672131,0.7215726495726495,-1.6383800261218573,1.0561144186683091,0.8880738125161809
design,phi0.30_seed2,41.7,0.3001747131347656,xy,315,586,3.7206349206349207,0.5173624056316104,0.4826375943683892,-0.005759205314197236,1.0719480033640236,170.82451684454335,123333.33333333333,196885.24590163934,0.6264224257563141,-1.5347128022577459,1.0001975503753457,0.583214759076707
design,phi0.30_seed3,39.0,0.30002784729003906,xy,284,482,3.3943661971830985,0.5260851869705468,0.4739148130294531,-0.0005744982213853717,1.1100838642447148,179.36916298603686,132142.85714285713,170785.12396694216,0.7737375133939371,-1.4729801080951808,0.9472162671344116,0.7258344010362792
design,phi0.35_seed1,40.8,0.34990501403808594,xy,290,462,3.1862068965517243,0.5279827239074878,0.47201727609251226,-0.00872872176239298,1.1185665242557916,171.33780065105822,128333.33333333333,157909.83606557376,0.8127000605588719,-0.8861144767449165,1.0123425902760403,0.8469931709147905
design,phi0.35_seed2,41.8,0.34992504119873047,xy,294,513,3.489795918367347,0.5121490207535347,0.4878509792464655,0.010804094106553959,1.0498062780249002,20.823307894758585,125833.33333333333,174016.39344262294,0.7231119485005496,-1.0470929086451117,1.1488286632981166,2.1294257061524497
design,phi0.35_seed3,39.1,0.35010337829589844,xy,265,432,3.260377358490566,0.5286939337691463,0.47130606623085364,0.018547254406578277,1.1217634816314526,16.43895848976547,112142.85714285714,155413.22314049586,0.7215786075131995,-1.3130413441844728,0.7177310506499964,1.3742990853960328
design,phi0.40_seed1,41.0,0.39992427825927734,xy,270,408,3.022222222222222,0.5157909179944195,0.48420908200558066,0.011632376264336714,1.0652235514832304,18.188604650226836,110000.0,139221.31147540984,0.790108919634972,-0.8146347945275737,0.92317331791016,1.2785455331993478
design,phi0.40_seed2,42.4,0.3999652862548828,xy,280,449,3.2071428571428573,0.5199873984206922,0.480012601579308,0.004052074255378991,1.0832786404145673,5.730167203832195,158333.33333333334,149508.19672131148,1.0590277777777777,0.2142629778327746,1.085447498238196,2.228345374388607
design,phi0.40_seed3,39.2,0.40013790130615234,xy,247,366,2.9635627530364372,0.5421823025279551,0.45781769747204537,0.013099274086861203,1.184275543566249,8.62581825151193,101428.57142857143,126652.89256198348,0.8008389652761594,-0.9495053620432248,0.8417391304347827,0.944735018179721
design,phi0.45_seed1,41.1,0.4499502182006836,xy,250,351,2.808,0.527897555687251,0.472102444312749,0.018323245444978625,1.1181843306397712,16.64854840628334,39166.666666666664,122131.14754098361,0.3206935123042505,-2.602891288340187,1.0080452272233094,0.700515664335716
design,phi0.45_seed2,42.1,0.450103759765625,xy,255,354,2.776470588235294,0.5094171242524247,0.49058287574757564,0.0242047948196978,1.0383915734444429,34.37048250969079,103333.33333333333,121475.40983606558,0.8506522717049032,-0.4527010841658527,0.8052805280528053,0.9213818778269699
design,phi0.45_seed3,39.2,0.45000171661376953,xy,226,310,2.743362831858407,0.543588065910364,0.4564119340896361,0.019200831809404934,1.1910031822340719,11.886904610267635,59285.71428571428,107479.33884297521,0.5516010325698907,-1.5827861367880576,0.735435094134506,0.8884354393719935
design,phi0.50_seed1,41.4,0.4998321533203125,xy,231,300,2.5974025974025974,0.5293566191744858,0.47064338082551466,0.01175423713129894,1.124751012637185,10.91045312950078,47500.0,103483.60655737705,0.45900990099009903,-2.500192450390879,1.1700362882322448,0.4194325000901984
design,phi0.50_seed2,42.2,0.5002880096435547,xy,232,279,2.4051724137931036,0.5010303637184718,0.4989696362815284,0.00951806575323974,1.0041299656073273,41.91079609540637,61666.666666666664,99959.01639344262,0.6169195025283586,-1.5149016657250964,0.8025204265337211,0.5059248779754226
design,phi0.50_seed3,39.0,0.5002880096435547,xy,203,255,2.5123152709359604,0.5565586600487107,0.44344133995128954,0.016686175282889064,1.2550897038824722,8.218668246101089,52142.857142857145,89008.26446280992,0.5858204005836317,-1.5351229102555477,0.9407679981007774,1.024919737406937
