# gamma_ia,gamma_is,gamma_as = 0.109,0.205603,0.3   theta_young = 30.0000 deg   (Young from gamma_is/gamma_as)
# theta_inf = 31.2001 +/- 0.2740 deg, tau = 5.149693e+06 s, fit_rms = 0.17102, n = 36, error_inf = +1.2002 deg
step,time_s,meniscus,y_wall,theta_deg,theta_plate_deg,R_arc_m,x_contact_m,n_points,theta_young_deg,error_deg
0,0.000000e+00,left,0.000000e+00,90.0024,90.0024,4.999613e-05,1.375022e-04,109,30.0000,60.0024
0,0.000000e+00,right,0.000000e+00,90.0024,90.0024,4.999613e-05,2.374978e-04,109,30.0000,60.0024
1,1.000000e-04,left,0.000000e+00,90.0024,90.0024,4.999613e-05,1.375022e-04,109,30.0000,60.0024
1,1.000000e-04,right,0.000000e+00,90.0024,90.0024,4.999613e-05,2.374978e-04,109,30.0000,60.0024
226,2.553010e+05,left,0.000000e+00,81.2535,81.2535,6.118036e-05,1.350851e-04,108,30.0000,51.2536
226,2.553010e+05,right,0.000000e+00,81.2535,81.2535,6.118036e-05,2.399149e-04,108,30.0000,51.2536
397,5.095780e+05,left,0.000000e+00,72.8393,72.8393,7.661291e-05,1.320135e-04,107,30.0000,42.8394
397,5.095780e+05,right,0.000000e+00,72.8393,72.8393,7.661291e-05,2.429865e-04,107,30.0000,42.8394
568,7.638550e+05,left,0.000000e+00,65.6356,65.6356,9.776462e-05,1.290837e-04,105,30.0000,35.6356
568,7.638550e+05,right,0.000000e+00,65.6356,65.6356,9.776462e-05,2.459163e-04,105,30.0000,35.6356
739,1.018130e+06,left,0.000000e+00,61.6567,61.6567,1.095504e-04,1.268608e-04,104,30.0000,31.6568
739,1.018130e+06,right,0.000000e+00,61.6567,61.6567,1.095504e-04,2.481392e-04,104,30.0000,31.6568
910,1.272410e+06,left,0.000000e+00,57.2903,57.2903,1.308215e-04,1.245463e-04,102,30.0000,27.2904
910,1.272410e+06,right,0.000000e+00,57.2903,57.2903,1.308214e-04,2.504537e-04,102,30.0000,27.2904
1081,1.526690e+06,left,0.000000e+00,53.9940,53.9940,1.501210e-04,1.225096e-04,100,30.0000,23.9940
1081,1.526690e+06,right,0.000000e+00,53.9940,53.9940,1.501210e-04,2.524904e-04,100,30.0000,23.9940
1252,1.780960e+06,left,0.000000e+00,51.3762,51.3762,1.674809e-04,1.206726e-04,98,30.0000,21.3762
1252,1.780960e+06,right,0.000000e+00,51.3762,51.3762,1.674809e-04,2.543274e-04,98,30.0000,21.3762
1423,2.035240e+06,left,0.000000e+00,50.4761,50.4761,1.621329e-04,1.193598e-04,97,30.0000,20.4762
1423,2.035240e+06,right,0.000000e+00,50.4761,50.4761,1.621329e-04,2.556402e-04,97,30.0000,20.4762
1594,2.289520e+06,left,0.000000e+00,48.4209,48.4209,1.771059e-04,1.177413e-04,95,30.0000,18.4209
1594,2.289520e+06,right,0.000000e+00,48.4209,48.4209,1.771059e-04,2.572587e-04,95,30.0000,18.4209
1765,2.543790e+06,left,0.000000e+00,46.6953,46.6953,1.904391e-04,1.162471e-04,93,30.0000,16.6953
1765,2.543790e+06,right,0.000000e+00,46.6953,46.6953,1.904391e-04,2.587529e-04,93,30.0000,16.6953
1936,2.798070e+06,left,0.000000e+00,46.3209,46.3209,1.801757e-04,1.152166e-04,92,30.0000,16.3210
1936,2.798070e+06,right,0.000000e+00,46.3209,46.3209,1.801757e-04,2.597834e-04,92,30.0000,16.3210
2106,3.050860e+06,left,0.000000e+00,44.7030,44.7030,1.951711e-04,1.138151e-04,90,30.0000,14.7031
2106,3.050860e+06,right,0.000000e+00,44.7030,44.7030,1.951711e-04,2.611849e-04,90,30.0000,14.7031
2277,3.305140e+06,left,0.000000e+00,44.4096,44.4096,1.858054e-04,1.128847e-04,89,30.0000,14.4097
2277,3.305140e+06,right,0.000000e+00,44.4096,44.4096,1.858054e-04,2.621153e-04,89,30.0000,14.4097
2448,3.559420e+06,left,0.000000e+00,42.9232,42.9232,2.014966e-04,1.115696e-04,87,30.0000,12.9233
2448,3.559420e+06,right,0.000000e+00,42.9232,42.9232,2.014966e-04,2.634304e-04,87,30.0000,12.9233
2619,3.813690e+06,left,0.000000e+00,42.5397,42.5397,1.956715e-04,1.106693e-04,86,30.0000,12.5398
2619,3.813690e+06,right,0.000000e+00,42.5397,42.5397,1.956715e-04,2.643307e-04,86,30.0000,12.5398
2790,4.067970e+06,left,0.000000e+00,42.2117,42.2117,1.901430e-04,1.098216e-04,85,30.0000,12.2118
2790,4.067970e+06,right,0.000000e+00,42.2117,42.2117,1.901430e-04,2.651784e-04,85,30.0000,12.2118
2961,4.322250e+06,left,0.000000e+00,42.0856,42.0856,1.822707e-04,1.090824e-04,84,30.0000,12.0856
2961,4.322250e+06,right,0.000000e+00,42.0856,42.0856,1.822707e-04,2.659176e-04,84,30.0000,12.0856
3132,4.576520e+06,left,0.000000e+00,40.4193,40.4193,2.047053e-04,1.077745e-04,82,30.0000,10.4193
3132,4.576520e+06,right,0.000000e+00,40.4193,40.4193,2.047053e-04,2.672255e-04,82,30.0000,10.4193
3303,4.830800e+06,left,0.000000e+00,39.9837,39.9837,2.034635e-04,1.069595e-04,81,30.0000,9.9838
3303,4.830800e+06,right,0.000000e+00,39.9837,39.9837,2.034635e-04,2.680405e-04,81,30.0000,9.9838
3474,5.085080e+06,left,0.000000e+00,39.5407,39.5407,2.031120e-04,1.061647e-04,80,30.0000,9.5408
3474,5.085080e+06,right,0.000000e+00,39.5407,39.5407,2.031120e-04,2.688353e-04,80,30.0000,9.5408
3645,5.339350e+06,left,0.000000e+00,39.0937,39.0937,2.034945e-04,1.053899e-04,79,30.0000,9.0938
3645,5.339350e+06,right,0.000000e+00,39.0937,39.0937,2.034945e-04,2.696101e-04,79,30.0000,9.0938
3816,5.593630e+06,left,0.000000e+00,38.6396,38.6396,2.046261e-04,1.046323e-04,78,30.0000,8.6396
3816,5.593630e+06,right,0.000000e+00,38.6396,38.6396,2.046261e-04,2.703677e-04,78,30.0000,8.6396
3987,5.847910e+06,left,0.000000e+00,39.0642,39.0642,1.884940e-04,1.042623e-04,78,30.0000,9.0642
3987,5.847910e+06,right,0.000000e+00,39.0642,39.0642,1.884940e-04,2.707377e-04,78,30.0000,9.0642
4158,6.102190e+06,left,0.000000e+00,38.4489,38.4489,1.933790e-04,1.034767e-04,77,30.0000,8.4489
4158,6.102190e+06,right,0.000000e+00,38.4489,38.4489,1.933790e-04,2.715233e-04,77,30.0000,8.4489
4329,6.356460e+06,left,0.000000e+00,37.9163,37.9163,1.973017e-04,1.027424e-04,76,30.0000,7.9164
4329,6.356460e+06,right,0.000000e+00,37.9163,37.9163,1.973017e-04,2.722576e-04,76,30.0000,7.9164
4500,6.610740e+06,left,0.000000e+00,37.4204,37.4204,2.010329e-04,1.020393e-04,75,30.0000,7.4204
4500,6.610740e+06,right,0.000000e+00,37.4204,37.4204,2.010329e-04,2.729607e-04,75,30.0000,7.4204
4671,6.865020e+06,left,0.000000e+00,37.8914,37.8914,1.863196e-04,1.017812e-04,75,30.0000,7.8914
4671,6.865020e+06,right,0.000000e+00,37.8914,37.8914,1.863196e-04,2.732188e-04,75,30.0000,7.8914
4842,7.119290e+06,left,0.000000e+00,37.1053,37.1053,1.956523e-04,1.009775e-04,74,30.0000,7.1053
4842,7.119290e+06,right,0.000000e+00,37.1053,37.1053,1.956523e-04,2.740225e-04,74,30.0000,7.1053
5013,7.373570e+06,left,0.000000e+00,36.5936,36.5936,2.006279e-04,1.003114e-04,73,30.0000,6.5937
5013,7.373570e+06,right,0.000000e+00,36.5936,36.5936,2.006279e-04,2.746886e-04,73,30.0000,6.5937
5184,7.627850e+06,left,0.000000e+00,36.8306,36.8306,1.910515e-04,1.000009e-04,73,30.0000,6.8307
5184,7.627850e+06,right,0.000000e+00,36.8306,36.8306,1.910515e-04,2.749991e-04,73,30.0000,6.8307
5355,7.882120e+06,left,0.000000e+00,36.2180,36.2180,1.982569e-04,9.931343e-05,72,30.0000,6.2180
5355,7.882120e+06,right,0.000000e+00,36.2180,36.2180,1.982569e-04,2.756866e-04,72,30.0000,6.2180
5526,8.136400e+06,left,0.000000e+00,35.7478,35.7478,2.033250e-04,9.870423e-05,71,30.0000,5.7478
5526,8.136400e+06,right,0.000000e+00,35.7478,35.7478,2.033250e-04,2.762958e-04,71,30.0000,5.7478
5697,8.390680e+06,left,0.000000e+00,35.8192,35.8192,1.973952e-04,9.835979e-05,71,30.0000,5.8193
5697,8.390680e+06,right,0.000000e+00,35.8192,35.8192,1.973952e-04,2.766402e-04,71,30.0000,5.8193
5868,8.644960e+06,left,0.000000e+00,35.3496,35.3496,2.028465e-04,9.777361e-05,70,30.0000,5.3496
5868,8.644960e+06,right,0.000000e+00,35.3496,35.3496,2.028465e-04,2.772264e-04,70,30.0000,5.3496
6039,8.899230e+06,left,0.000000e+00,35.4036,35.4036,1.977303e-04,9.744762e-05,70,30.0000,5.4036
6039,8.899230e+06,right,0.000000e+00,35.4036,35.4036,1.977303e-04,2.775524e-04,70,30.0000,5.4036
6210,9.153510e+06,left,0.000000e+00,34.9499,34.9499,2.032560e-04,9.688976e-05,69,30.0000,4.9499
6210,9.153510e+06,right,0.000000e+00,34.9499,34.9499,2.032560e-04,2.781102e-04,69,30.0000,4.9499
6381,9.407790e+06,left,0.000000e+00,34.9790,34.9790,1.989965e-04,9.657572e-05,69,30.0000,4.9790
6381,9.407790e+06,right,0.000000e+00,34.9790,34.9790,1.989965e-04,2.784243e-04,69,30.0000,4.9790
6552,9.662060e+06,left,0.000000e+00,35.1231,35.1231,1.929990e-04,9.633301e-05,69,30.0000,5.1231
6552,9.662060e+06,right,0.000000e+00,35.1231,35.1231,1.929990e-04,2.786670e-04,69,30.0000,5.1231
6723,9.916340e+06,left,0.000000e+00,34.5564,34.5564,2.009050e-04,9.574553e-05,68,30.0000,4.5564
6723,9.916340e+06,right,0.000000e+00,34.5564,34.5564,2.009050e-04,2.792545e-04,68,30.0000,4.5564
6894,1.017060e+07,left,0.000000e+00,34.6015,34.6015,1.969480e-04,9.547329e-05,68,30.0000,4.6015
6894,1.017060e+07,right,0.000000e+00,34.6015,34.6015,1.969480e-04,2.795267e-04,68,30.0000,4.6015
7065,1.042490e+07,left,0.000000e+00,34.1556,34.1556,2.030116e-04,9.496375e-05,67,30.0000,4.1556
7065,1.042490e+07,right,0.000000e+00,34.1556,34.1556,2.030116e-04,2.800363e-04,67,30.0000,4.1556
7236,1.067920e+07,left,0.000000e+00,34.1574,34.1574,2.000834e-04,9.468812e-05,67,30.0000,4.1574
7236,1.067920e+07,right,0.000000e+00,34.1574,34.1574,2.000834e-04,2.803119e-04,67,30.0000,4.1574
7407,1.093340e+07,left,0.000000e+00,34.2061,34.2061,1.965043e-04,9.444744e-05,67,30.0000,4.2061
7407,1.093340e+07,right,0.000000e+00,34.2061,34.2061,1.965043e-04,2.805526e-04,67,30.0000,4.2061
7578,1.118770e+07,left,0.000000e+00,33.7605,33.7605,2.028661e-04,9.396021e-05,66,30.0000,3.7605
7578,1.118770e+07,right,0.000000e+00,33.7605,33.7605,2.028661e-04,2.810398e-04,66,30.0000,3.7605
7749,1.144200e+07,left,0.000000e+00,33.7542,33.7542,2.004734e-04,9.370694e-05,66,30.0000,3.7542
7749,1.144200e+07,right,0.000000e+00,33.7542,33.7542,2.004734e-04,2.812931e-04,66,30.0000,3.7542
7920,1.169630e+07,left,0.000000e+00,33.7814,33.7814,1.976274e-04,9.348068e-05,66,30.0000,3.7815
7920,1.169630e+07,right,0.000000e+00,33.7814,33.7814,1.976274e-04,2.815193e-04,66,30.0000,3.7815
8091,1.195060e+07,left,0.000000e+00,33.3712,33.3712,2.036356e-04,9.303205e-05,65,30.0000,3.3712
8091,1.195060e+07,right,0.000000e+00,33.3712,33.3712,2.036356e-04,2.819680e-04,65,30.0000,3.3712
8262,1.220480e+07,left,0.000000e+00,33.3525,33.3525,2.017829e-04,9.279548e-05,65,30.0000,3.3525
8262,1.220480e+07,right,0.000000e+00,33.3525,33.3525,2.017829e-04,2.822045e-04,65,30.0000,3.3525
8433,1.245910e+07,left,0.000000e+00,33.3500,33.3500,1.997518e-04,9.257555e-05,65,30.0000,3.3501
8433,1.245910e+07,right,0.000000e+00,33.3500,33.3500,1.997518e-04,2.824244e-04,65,30.0000,3.3501
8603,1.271190e+07,left,0.000000e+00,33.3992,33.3992,1.969060e-04,9.239305e-05,65,30.0000,3.3993
8603,1.271190e+07,right,0.000000e+00,33.3992,33.3992,1.969060e-04,2.826069e-04,65,30.0000,3.3993
8774,1.296620e+07,left,0.000000e+00,32.9728,32.9728,2.034843e-04,9.195832e-05,64,30.0000,2.9728
8774,1.296620e+07,right,0.000000e+00,32.9728,32.9728,2.034843e-04,2.830417e-04,64,30.0000,2.9728
8945,1.322050e+07,left,0.000000e+00,32.9507,32.9507,2.020483e-04,9.174729e-05,64,30.0000,2.9507
8945,1.322050e+07,right,0.000000e+00,32.9507,32.9507,2.020483e-04,2.832527e-04,64,30.0000,2.9507
9116,1.347470e+07,left,0.000000e+00,32.9405,32.9405,2.004852e-04,9.154947e-05,64,30.0000,2.9405
9116,1.347470e+07,right,0.000000e+00,32.9405,32.9405,2.004852e-04,2.834505e-04,64,30.0000,2.9405
9287,1.372900e+07,left,0.000000e+00,32.9626,32.9626,1.984169e-04,9.137656e-05,64,30.0000,2.9626
9287,1.372900e+07,right,0.000000e+00,32.9626,32.9626,1.984169e-04,2.836234e-04,64,30.0000,2.9626
9458,1.398330e+07,left,0.000000e+00,32.5936,32.5936,2.041877e-04,9.099364e-05,63,30.0000,2.5937
9458,1.398330e+07,right,0.000000e+00,32.5936,32.5936,2.041877e-04,2.840064e-04,63,30.0000,2.5937
9629,1.423760e+07,left,0.000000e+00,32.5659,32.5659,2.031333e-04,9.080295e-05,63,30.0000,2.5660
9629,1.423760e+07,right,0.000000e+00,32.5659,32.5659,2.031333e-04,2.841971e-04,63,30.0000,2.5660
9800,1.449180e+07,left,0.000000e+00,32.5445,32.5445,2.020361e-04,9.062149e-05,63,30.0000,2.5445
9800,1.449180e+07,right,0.000000e+00,32.5445,32.5445,2.020361e-04,2.843785e-04,63,30.0000,2.5445
9971,1.474610e+07,left,0.000000e+00,32.5340,32.5340,2.008026e-04,9.045177e-05,63,30.0000,2.5340
9971,1.474610e+07,right,0.000000e+00,32.5340,32.5340,2.008026e-04,2.845482e-04,63,30.0000,2.5340
10142,1.500040e+07,left,0.000000e+00,32.5582,32.5582,1.989903e-04,9.030760e-05,63,30.0000,2.5583
10142,1.500040e+07,right,0.000000e+00,32.5582,32.5582,1.989903e-04,2.846924e-04,63,30.0000,2.5583
