T_C,alpha_c,beta_sub_s_per_m,eps_m,binding,Nx,nodes_2D,f_kin
-40.000,1.000e-01,6.656364e+05,2.424083e-07,B-KINETIC,2.626000e+03,3.447938e+06,0.6829
-40.000,1.000e-02,6.656364e+06,2.424083e-08,B-KINETIC,2.625400e+04,3.446363e+08,0.9954
-40.000,1.000e-03,6.656364e+07,2.424083e-09,B-KINETIC,2.625310e+05,3.446139e+10,1.0000
-39.511,1.000e-01,6.292385e+05,2.558939e-07,B-KINETIC,2.487000e+03,3.093828e+06,0.6711
-39.511,1.000e-02,6.292385e+06,2.558939e-08,B-KINETIC,2.487000e+04,3.092584e+08,0.9951
-39.511,1.000e-03,6.292385e+07,2.558939e-09,B-KINETIC,2.486960e+05,3.092485e+10,1.0000
-39.023,1.000e-01,5.949687e+05,2.700683e-07,B-KINETIC,2.357000e+03,2.778903e+06,0.6591
-39.023,1.000e-02,5.949687e+06,2.700683e-08,B-KINETIC,2.356500e+04,2.776664e+08,0.9949
-39.023,1.000e-03,5.949687e+07,2.700683e-09,B-KINETIC,2.356430e+05,2.776393e+10,0.9999
-38.534,1.000e-01,5.626949e+05,2.849634e-07,B-KINETIC,2.234000e+03,2.495378e+06,0.6470
-38.534,1.000e-02,5.626949e+06,2.849634e-08,B-KINETIC,2.233300e+04,2.493926e+08,0.9946
-38.534,1.000e-03,5.626949e+07,2.849634e-09,B-KINETIC,2.233260e+05,2.493725e+10,0.9999
-38.045,1.000e-01,5.322936e+05,3.006125e-07,B-KINETIC,2.117000e+03,2.241903e+06,0.6348
-38.045,1.000e-02,5.322936e+06,3.006125e-08,B-KINETIC,2.117000e+04,2.240844e+08,0.9943
-38.045,1.000e-03,5.322936e+07,3.006125e-09,B-KINETIC,2.117000e+05,2.240844e+10,0.9999
-37.556,1.000e-01,5.036494e+05,3.064826e-07,B-HEAT,2.077000e+03,2.158003e+06,0.6303
-37.556,1.000e-02,5.036494e+06,3.170503e-08,B-KINETIC,2.007300e+04,2.014727e+08,0.9940
-37.556,1.000e-03,5.036494e+07,3.170503e-09,B-KINETIC,2.007250e+05,2.014536e+10,0.9999
-37.068,1.000e-01,4.766543e+05,3.061652e-07,B-HEAT,2.079000e+03,2.162160e+06,0.6306
-37.068,1.000e-02,4.766543e+06,3.343128e-08,B-KINETIC,1.903600e+04,1.811846e+08,0.9936
-37.068,1.000e-03,4.766543e+07,3.343128e-09,B-KINETIC,1.903600e+05,1.811846e+10,0.9999
-36.579,1.000e-01,4.512075e+05,3.058488e-07,B-HEAT,2.081000e+03,2.166321e+06,0.6309
-36.579,1.000e-02,4.512075e+06,3.524374e-08,B-KINETIC,1.805700e+04,1.630367e+08,0.9933
-36.579,1.000e-03,4.512075e+07,3.524374e-09,B-KINETIC,1.805700e+05,1.630276e+10,0.9999
-36.090,1.000e-01,4.272147e+05,3.055334e-07,B-HEAT,2.083000e+03,2.170486e+06,0.6312
-36.090,1.000e-02,4.272147e+06,3.714633e-08,B-KINETIC,1.713300e+04,1.467784e+08,0.9929
-36.090,1.000e-03,4.272147e+07,3.714633e-09,B-KINETIC,1.713220e+05,1.467561e+10,0.9999
-35.602,1.000e-01,4.045874e+05,3.052189e-07,B-HEAT,2.086000e+03,2.175698e+06,0.6314
-35.602,1.000e-02,4.045874e+06,3.914311e-08,B-KINETIC,1.625900e+04,1.321857e+08,0.9926
-35.602,1.000e-03,4.045874e+07,3.914311e-09,B-KINETIC,1.625820e+05,1.321645e+10,0.9999
-35.113,1.000e-01,3.832431e+05,3.049055e-07,B-HEAT,2.088000e+03,2.179872e+06,0.6317
-35.113,1.000e-02,3.832431e+06,4.123830e-08,B-KINETIC,1.543300e+04,1.190965e+08,0.9922
-35.113,1.000e-03,3.832431e+07,4.123830e-09,B-KINETIC,1.543220e+05,1.190764e+10,0.9999
-34.624,1.000e-01,3.631045e+05,3.045929e-07,B-HEAT,2.090000e+03,2.184050e+06,0.6320
-34.624,1.000e-02,3.631045e+06,4.343629e-08,B-KINETIC,1.465200e+04,1.073406e+08,0.9918
-34.624,1.000e-03,3.631045e+07,4.343629e-09,B-KINETIC,1.465130e+05,1.073310e+10,0.9999
-34.135,1.000e-01,3.440990e+05,3.042814e-07,B-HEAT,2.092000e+03,2.188232e+06,0.6323
-34.135,1.000e-02,3.440990e+06,4.574167e-08,B-KINETIC,1.391300e+04,9.679274e+07,0.9913
-34.135,1.000e-03,3.440990e+07,4.574167e-09,B-KINETIC,1.391290e+05,9.678509e+09,0.9999
-33.647,1.000e-01,3.261590e+05,3.039708e-07,B-HEAT,2.094000e+03,2.192418e+06,0.6326
-33.647,1.000e-02,3.261590e+06,4.815917e-08,B-KINETIC,1.321500e+04,8.732472e+07,0.9909
-33.647,1.000e-03,3.261590e+07,4.815917e-09,B-KINETIC,1.321450e+05,8.731217e+09,0.9999
-33.158,1.000e-01,3.092208e+05,3.036611e-07,B-HEAT,2.096000e+03,2.196608e+06,0.6328
-33.158,1.000e-02,3.092208e+06,5.069373e-08,B-KINETIC,1.255400e+04,7.880146e+07,0.9904
-33.158,1.000e-03,3.092208e+07,5.069373e-09,B-KINETIC,1.255380e+05,7.879895e+09,0.9999
-32.669,1.000e-01,2.932250e+05,3.033524e-07,B-HEAT,2.098000e+03,2.200802e+06,0.6331
-32.669,1.000e-02,2.932250e+06,5.335050e-08,B-KINETIC,1.192900e+04,7.115648e+07,0.9899
-32.669,1.000e-03,2.932250e+07,5.335050e-09,B-KINETIC,1.192860e+05,7.114575e+09,0.9999
-32.180,1.000e-01,2.781158e+05,3.030446e-07,B-HEAT,2.101000e+03,2.208151e+06,0.6334
-32.180,1.000e-02,2.781158e+06,5.613479e-08,B-KINETIC,1.133700e+04,6.426945e+07,0.9894
-32.180,1.000e-03,2.781158e+07,5.613479e-09,B-KINETIC,1.133700e+05,6.426378e+09,0.9999
-31.692,1.000e-01,2.638409e+05,3.027378e-07,B-HEAT,2.103000e+03,2.212356e+06,0.6336
-31.692,1.000e-02,2.638409e+06,5.905216e-08,B-KINETIC,1.077700e+04,5.807725e+07,0.9888
-31.692,1.000e-03,2.638409e+07,5.905216e-09,B-KINETIC,1.077690e+05,5.807133e+09,0.9999
-31.203,1.000e-01,2.503512e+05,3.024318e-07,B-HEAT,2.105000e+03,2.216565e+06,0.6339
-31.203,1.000e-02,2.503512e+06,6.210835e-08,B-KINETIC,1.024700e+04,5.250563e+07,0.9883
-31.203,1.000e-03,2.503512e+07,6.210835e-09,B-KINETIC,1.024660e+05,5.249641e+09,0.9999
-30.714,1.000e-01,2.376009e+05,3.021269e-07,B-HEAT,2.107000e+03,2.220778e+06,0.6342
-30.714,1.000e-02,2.376009e+06,6.530934e-08,B-KINETIC,9.745000e+03,4.748738e+07,0.9877
-30.714,1.000e-03,2.376009e+07,6.530934e-09,B-KINETIC,9.744400e+04,4.747667e+09,0.9999
-30.226,1.000e-01,2.255467e+05,3.018228e-07,B-HEAT,2.109000e+03,2.224995e+06,0.6344
-30.226,1.000e-02,2.255467e+06,6.866134e-08,B-KINETIC,9.269000e+03,4.296182e+07,0.9871
-30.226,1.000e-03,2.255467e+07,6.866134e-09,B-KINETIC,9.268700e+04,4.295486e+09,0.9999
-29.737,1.000e-01,2.141482e+05,3.015196e-07,B-HEAT,2.111000e+03,2.229216e+06,0.6347
-29.737,1.000e-02,2.141482e+06,7.217078e-08,B-KINETIC,8.818000e+03,3.887856e+07,0.9864
-29.737,1.000e-03,2.141482e+07,7.217078e-09,B-KINETIC,8.818000e+04,3.887856e+09,0.9999
-29.248,1.000e-01,2.033675e+05,3.012174e-07,B-HEAT,2.113000e+03,2.233441e+06,0.6350
-29.248,1.000e-02,2.033675e+06,7.584435e-08,B-KINETIC,8.391000e+03,3.520864e+07,0.9857
-29.248,1.000e-03,2.033675e+07,7.584435e-09,B-KINETIC,8.390900e+04,3.520402e+09,0.9999
-28.759,1.000e-01,1.931689e+05,3.009161e-07,B-HEAT,2.115000e+03,2.237670e+06,0.6352
-28.759,1.000e-02,1.931689e+06,7.968900e-08,B-KINETIC,7.986000e+03,3.188810e+07,0.9850
-28.759,1.000e-03,1.931689e+07,7.968900e-09,B-KINETIC,7.986000e+04,3.188810e+09,0.9998
-28.271,1.000e-01,1.835188e+05,3.006156e-07,B-HEAT,2.117000e+03,2.241903e+06,0.6355
-28.271,1.000e-02,1.835188e+06,8.371191e-08,B-KINETIC,7.603000e+03,2.890661e+07,0.9843
-28.271,1.000e-03,1.835188e+07,8.371191e-09,B-KINETIC,7.602300e+04,2.889786e+09,0.9998
-27.782,1.000e-01,1.743860e+05,3.003161e-07,B-HEAT,2.120000e+03,2.247200e+06,0.6358
-27.782,1.000e-02,1.743860e+06,8.792056e-08,B-KINETIC,7.239000e+03,2.620518e+07,0.9835
-27.782,1.000e-03,1.743860e+07,8.792056e-09,B-KINETIC,7.238400e+04,2.619722e+09,0.9998
-27.293,1.000e-01,1.657408e+05,3.000175e-07,B-HEAT,2.122000e+03,2.251442e+06,0.6360
-27.293,1.000e-02,1.657408e+06,9.232270e-08,B-KINETIC,6.894000e+03,2.376362e+07,0.9827
-27.293,1.000e-03,1.657408e+07,9.232270e-09,B-KINETIC,6.893200e+04,2.375810e+09,0.9998
-26.805,1.000e-01,1.575555e+05,2.997197e-07,B-HEAT,2.124000e+03,2.255688e+06,0.6363
-26.805,1.000e-02,1.575555e+06,9.692635e-08,B-KINETIC,6.566000e+03,2.155618e+07,0.9818
-26.805,1.000e-03,1.575555e+07,9.692635e-09,B-KINETIC,6.565800e+04,2.155486e+09,0.9998
-26.316,1.000e-01,1.498040e+05,2.994229e-07,B-HEAT,2.126000e+03,2.259938e+06,0.6365
-26.316,1.000e-02,1.498040e+06,1.017399e-07,B-KINETIC,6.256000e+03,1.956877e+07,0.9810
-26.316,1.000e-03,1.498040e+07,1.017399e-08,B-KINETIC,6.255200e+04,1.956376e+09,0.9998
-25.827,1.000e-01,1.424619e+05,2.991269e-07,B-HEAT,2.128000e+03,2.264192e+06,0.6368
-25.827,1.000e-02,1.424619e+06,1.067718e-07,B-KINETIC,5.961000e+03,1.776974e+07,0.9800
-25.827,1.000e-03,1.424619e+07,1.067718e-08,B-KINETIC,5.960400e+04,1.776318e+09,0.9998
-25.338,1.000e-01,1.355061e+05,2.988318e-07,B-HEAT,2.130000e+03,2.268450e+06,0.6370
-25.338,1.000e-02,1.355061e+06,1.120313e-07,B-KINETIC,5.681000e+03,1.613972e+07,0.9791
-25.338,1.000e-03,1.355061e+07,1.120313e-08,B-KINETIC,5.680600e+04,1.613461e+09,0.9998
-24.850,1.000e-01,1.289150e+05,2.985375e-07,B-HEAT,2.132000e+03,2.272712e+06,0.6373
-24.850,1.000e-02,1.289150e+06,1.175274e-07,B-KINETIC,5.415000e+03,1.466382e+07,0.9781
-24.850,1.000e-03,1.289150e+07,1.175274e-08,B-KINETIC,5.414900e+04,1.466084e+09,0.9998
-24.361,1.000e-01,1.226681e+05,2.982442e-07,B-HEAT,2.134000e+03,2.276978e+06,0.6375
-24.361,1.000e-02,1.226681e+06,1.232699e-07,B-KINETIC,5.163000e+03,1.333087e+07,0.9770
-24.361,1.000e-03,1.226681e+07,1.232699e-08,B-KINETIC,5.162700e+04,1.332699e+09,0.9998
-23.872,1.000e-01,1.167463e+05,2.979517e-07,B-HEAT,2.136000e+03,2.281248e+06,0.6378
-23.872,1.000e-02,1.167463e+06,1.292687e-07,B-KINETIC,4.924000e+03,1.212289e+07,0.9760
-23.872,1.000e-03,1.167463e+07,1.292687e-08,B-KINETIC,4.923100e+04,1.211870e+09,0.9998
-23.383,1.000e-01,1.111315e+05,2.976600e-07,B-HEAT,2.138000e+03,2.285522e+06,0.6380
-23.383,1.000e-02,1.111315e+06,1.355340e-07,B-KINETIC,4.696000e+03,1.102621e+07,0.9748
-23.383,1.000e-03,1.111315e+07,1.355340e-08,B-KINETIC,4.695500e+04,1.102409e+09,0.9997
-22.895,1.000e-01,1.058069e+05,2.973692e-07,B-HEAT,2.141000e+03,2.293011e+06,0.6383
-22.895,1.000e-02,1.058069e+06,1.420767e-07,B-KINETIC,4.480000e+03,1.003520e+07,0.9736
-22.895,1.000e-03,1.058069e+07,1.420767e-08,B-KINETIC,4.479300e+04,1.003229e+09,0.9997
-22.406,1.000e-01,1.007563e+05,2.970793e-07,B-HEAT,2.143000e+03,2.297296e+06,0.6385
-22.406,1.000e-02,1.007563e+06,1.489078e-07,B-KINETIC,4.274000e+03,9.133538e+06,0.9724
-22.406,1.000e-03,1.007563e+07,1.489078e-08,B-KINETIC,4.273800e+04,9.132683e+08,0.9997
-21.917,1.000e-01,9.596471e+04,2.967902e-07,B-HEAT,2.145000e+03,2.301585e+06,0.6388
-21.917,1.000e-02,9.596471e+05,1.560387e-07,B-KINETIC,4.079000e+03,8.321160e+06,0.9711
-21.917,1.000e-03,9.596471e+06,1.560387e-08,B-KINETIC,4.078500e+04,8.317285e+08,0.9997
-21.429,1.000e-01,9.141803e+04,2.965019e-07,B-HEAT,2.147000e+03,2.305878e+06,0.6390
-21.429,1.000e-02,9.141803e+05,1.634812e-07,B-KINETIC,3.893000e+03,7.579671e+06,0.9698
-21.429,1.000e-03,9.141803e+06,1.634812e-08,B-KINETIC,3.892800e+04,7.576946e+08,0.9997
-20.940,1.000e-01,8.710286e+04,2.962145e-07,B-HEAT,2.149000e+03,2.310175e+06,0.6393
-20.940,1.000e-02,8.710286e+05,1.712478e-07,B-KINETIC,3.717000e+03,6.909903e+06,0.9684
-20.940,1.000e-03,8.710286e+06,1.712478e-08,B-KINETIC,3.716300e+04,6.905629e+08,0.9997
-20.451,1.000e-01,8.300662e+04,2.959279e-07,B-HEAT,2.151000e+03,2.314476e+06,0.6395
-20.451,1.000e-02,8.300662e+05,1.793510e-07,B-KINETIC,3.549000e+03,6.299475e+06,0.9670
-20.451,1.000e-03,8.300662e+06,1.793510e-08,B-KINETIC,3.548400e+04,6.295571e+08,0.9997
-19.962,1.000e-01,7.911747e+04,2.956422e-07,B-HEAT,2.153000e+03,2.318781e+06,0.6397
-19.962,1.000e-02,7.911747e+05,1.878041e-07,B-KINETIC,3.389000e+03,5.744355e+06,0.9655
-19.962,1.000e-03,7.911747e+06,1.878041e-08,B-KINETIC,3.388700e+04,5.741813e+08,0.9996
-19.474,1.000e-01,7.542422e+04,2.953573e-07,B-HEAT,2.155000e+03,2.323090e+06,0.6400
-19.474,1.000e-02,7.542422e+05,1.966207e-07,B-KINETIC,3.237000e+03,5.240703e+06,0.9639
-19.474,1.000e-03,7.542422e+06,1.966207e-08,B-KINETIC,3.236700e+04,5.238275e+08,0.9996
-18.985,1.000e-01,7.191634e+04,2.950732e-07,B-HEAT,2.157000e+03,2.327403e+06,0.6402
-18.985,1.000e-02,7.191634e+05,2.058148e-07,B-KINETIC,3.093000e+03,4.784871e+06,0.9623
-18.985,1.000e-03,7.191634e+06,2.058148e-08,B-KINETIC,3.092100e+04,4.780696e+08,0.9996
-18.496,1.000e-01,6.858390e+04,2.947899e-07,B-HEAT,2.159000e+03,2.331720e+06,0.6405
-18.496,1.000e-02,6.858390e+05,2.154010e-07,B-KINETIC,2.955000e+03,4.367490e+06,0.9606
-18.496,1.000e-03,6.858390e+06,2.154010e-08,B-KINETIC,2.954500e+04,4.364683e+08,0.9996
-18.008,1.000e-01,6.541753e+04,2.945074e-07,B-HEAT,2.161000e+03,2.336041e+06,0.6407
-18.008,1.000e-02,6.541753e+05,2.253943e-07,B-KINETIC,2.824000e+03,3.987488e+06,0.9588
-18.008,1.000e-03,6.541753e+06,2.253943e-08,B-KINETIC,2.823500e+04,3.986217e+08,0.9996
-17.519,1.000e-01,6.240840e+04,2.942258e-07,B-HEAT,2.163000e+03,2.340366e+06,0.6409
-17.519,1.000e-02,6.240840e+05,2.358105e-07,B-KINETIC,2.699000e+03,3.643650e+06,0.9570
-17.519,1.000e-03,6.240840e+06,2.358105e-08,B-KINETIC,2.698800e+04,3.641761e+08,0.9996
-17.030,1.000e-01,5.954815e+04,2.939449e-07,B-HEAT,2.166000e+03,2.345778e+06,0.6412
-17.030,1.000e-02,5.954815e+05,2.466654e-07,B-KINETIC,2.580000e+03,3.328200e+06,0.9551
-17.030,1.000e-03,5.954815e+06,2.466654e-08,B-KINETIC,2.580000e+04,3.328200e+08,0.9995
-16.541,1.000e-01,5.682893e+04,2.936649e-07,B-HEAT,2.168000e+03,2.350112e+06,0.6414
-16.541,1.000e-02,5.682893e+05,2.579759e-07,B-KINETIC,2.467000e+03,3.044278e+06,0.9532
-16.541,1.000e-03,5.682893e+06,2.579759e-08,B-KINETIC,2.466900e+04,3.042921e+08,0.9995
-16.053,1.000e-01,5.424331e+04,2.933856e-07,B-HEAT,2.170000e+03,2.354450e+06,0.6416
-16.053,1.000e-02,5.424331e+05,2.697591e-07,B-KINETIC,2.360000e+03,2.784800e+06,0.9512
-16.053,1.000e-03,5.424331e+06,2.697591e-08,B-KINETIC,2.359200e+04,2.782912e+08,0.9995
-15.564,1.000e-01,5.178427e+04,2.931072e-07,B-HEAT,2.172000e+03,2.358792e+06,0.6419
-15.564,1.000e-02,5.178427e+05,2.820329e-07,B-KINETIC,2.257000e+03,2.548153e+06,0.9490
-15.564,1.000e-03,5.178427e+06,2.820329e-08,B-KINETIC,2.256500e+04,2.546009e+08,0.9995
-15.075,1.000e-01,4.944519e+04,2.928295e-07,B-HEAT,2.174000e+03,2.363138e+06,0.6421
-15.075,1.000e-02,4.944519e+05,2.948155e-07,B-KINETIC,2.159000e+03,2.331720e+06,0.9469
-15.075,1.000e-03,4.944519e+06,2.948155e-08,B-KINETIC,2.158700e+04,2.330101e+08,0.9994
-14.586,1.000e-01,4.721982e+04,2.925526e-07,B-HEAT,2.176000e+03,2.367488e+06,0.6423
-14.586,1.000e-02,4.721982e+05,3.081260e-07,B-KINETIC,2.066000e+03,2.134178e+06,0.9446
-14.586,1.000e-03,4.721982e+06,3.081260e-08,B-KINETIC,2.065400e+04,2.132939e+08,0.9994
-14.098,1.000e-01,4.510224e+04,2.922765e-07,B-HEAT,2.178000e+03,2.371842e+06,0.6425
-14.098,1.000e-02,4.510224e+05,3.219841e-07,B-KINETIC,1.977000e+03,1.955253e+06,0.9423
-14.098,1.000e-03,4.510224e+06,3.219841e-08,B-KINETIC,1.976500e+04,1.953375e+08,0.9994
-13.609,1.000e-01,4.308689e+04,2.920012e-07,B-HEAT,2.180000e+03,2.376200e+06,0.6428
-13.609,1.000e-02,4.308689e+05,3.364100e-07,B-KINETIC,1.892000e+03,1.789832e+06,0.9398
-13.609,1.000e-03,4.308689e+06,3.364100e-08,B-KINETIC,1.891800e+04,1.789454e+08,0.9994
-13.120,1.000e-01,4.116847e+04,2.917267e-07,B-HEAT,2.182000e+03,2.380562e+06,0.6430
-13.120,1.000e-02,4.116847e+05,3.514247e-07,B-KINETIC,1.811000e+03,1.640766e+06,0.9373
-13.120,1.000e-03,4.116847e+06,3.514247e-08,B-KINETIC,1.811000e+04,1.639860e+08,0.9993
-12.632,1.000e-01,3.934201e+04,2.914529e-07,B-HEAT,2.184000e+03,2.384928e+06,0.6432
-12.632,1.000e-02,3.934201e+05,3.670498e-07,B-KINETIC,1.734000e+03,1.503378e+06,0.9347
-12.632,1.000e-03,3.934201e+06,3.670498e-08,B-KINETIC,1.733900e+04,1.503291e+08,0.9993
-12.143,1.000e-01,3.760280e+04,2.911799e-07,B-HEAT,2.186000e+03,2.389298e+06,0.6434
-12.143,1.000e-02,3.760280e+05,3.833076e-07,B-KINETIC,1.661000e+03,1.380291e+06,0.9320
-12.143,1.000e-03,3.760280e+06,3.833076e-08,B-KINETIC,1.660300e+04,1.378381e+08,0.9993
-11.654,1.000e-01,3.594637e+04,2.909077e-07,B-HEAT,2.188000e+03,2.393672e+06,0.6437
-11.654,1.000e-02,3.594637e+05,4.002213e-07,B-KINETIC,1.591000e+03,1.266436e+06,0.9292
-11.654,1.000e-03,3.594637e+06,4.002213e-08,B-KINETIC,1.590200e+04,1.264368e+08,0.9992
-11.165,1.000e-01,3.436851e+04,2.906362e-07,B-HEAT,2.190000e+03,2.398050e+06,0.6439
-11.165,1.000e-02,3.436851e+05,4.178146e-07,B-KINETIC,1.524000e+03,1.161288e+06,0.9263
-11.165,1.000e-03,3.436851e+06,4.178146e-08,B-KINETIC,1.523200e+04,1.160069e+08,0.9992
-10.677,1.000e-01,3.286523e+04,2.903655e-07,B-HEAT,2.192000e+03,2.402432e+06,0.6441
-10.677,1.000e-02,3.286523e+05,4.361121e-07,B-KINETIC,1.460000e+03,1.065800e+06,0.9234
-10.677,1.000e-03,3.286523e+06,4.361121e-08,B-KINETIC,1.459300e+04,1.064851e+08,0.9992
-10.188,1.000e-01,3.143277e+04,2.900956e-07,B-HEAT,2.194000e+03,2.406818e+06,0.6443
-10.188,1.000e-02,3.143277e+05,4.551393e-07,B-KINETIC,1.399000e+03,9.793000e+05,0.9203
-10.188,1.000e-03,3.143277e+06,4.551393e-08,B-KINETIC,1.398300e+04,9.776914e+07,0.9991
-9.699,1.000e-01,3.006755e+04,2.898264e-07,B-HEAT,2.196000e+03,2.411208e+06,0.6445
-9.699,1.000e-02,3.006755e+05,4.749222e-07,B-KINETIC,1.341000e+03,8.998110e+05,0.9171
-9.699,1.000e-03,3.006755e+06,4.749222e-08,B-KINETIC,1.340100e+04,8.980010e+07,0.9991
-9.211,1.000e-01,2.876619e+04,2.895579e-07,B-HEAT,2.198000e+03,2.415602e+06,0.6448
-9.211,1.000e-02,2.876619e+05,4.954881e-07,B-KINETIC,1.285000e+03,8.262550e+05,0.9138
-9.211,1.000e-03,2.876619e+06,4.954881e-08,B-KINETIC,1.284400e+04,8.248417e+07,0.9991
-8.722,1.000e-01,2.752551e+04,2.892902e-07,B-HEAT,2.200000e+03,2.420000e+06,0.6450
-8.722,1.000e-02,2.752551e+05,5.168647e-07,B-KINETIC,1.232000e+03,7.589120e+05,0.9105
-8.722,1.000e-03,2.752551e+06,5.168647e-08,B-KINETIC,1.231300e+04,7.581114e+07,0.9990
-8.233,1.000e-01,2.634246e+04,2.890233e-07,B-HEAT,2.202000e+03,2.424402e+06,0.6452
-8.233,1.000e-02,2.634246e+05,5.390809e-07,B-KINETIC,1.181000e+03,6.979710e+05,0.9070
-8.233,1.000e-03,2.634246e+06,5.390809e-08,B-KINETIC,1.180600e+04,6.969082e+07,0.9990
-7.744,1.000e-01,2.521419e+04,2.887570e-07,B-HEAT,2.204000e+03,2.428808e+06,0.6454
-7.744,1.000e-02,2.521419e+05,5.621664e-07,B-KINETIC,1.133000e+03,6.424110e+05,0.9034
-7.744,1.000e-03,2.521419e+06,5.621664e-08,B-KINETIC,1.132100e+04,6.408818e+07,0.9989
-7.256,1.000e-01,2.413797e+04,2.884915e-07,B-HEAT,2.206000e+03,2.433218e+06,0.6456
-7.256,1.000e-02,2.413797e+05,5.861518e-07,B-KINETIC,1.086000e+03,5.896980e+05,0.8997
-7.256,1.000e-03,2.413797e+06,5.861518e-08,B-KINETIC,1.085800e+04,5.894808e+07,0.9989
-6.767,1.000e-01,2.311124e+04,2.882268e-07,B-HEAT,2.208000e+03,2.437632e+06,0.6458
-6.767,1.000e-02,2.311124e+05,6.110687e-07,B-KINETIC,1.042000e+03,5.428820e+05,0.8958
-6.767,1.000e-03,2.311124e+06,6.110687e-08,B-KINETIC,1.041500e+04,5.424132e+07,0.9988
-6.278,1.000e-01,2.213156e+04,2.879627e-07,B-HEAT,2.210000e+03,2.442050e+06,0.6460
-6.278,1.000e-02,2.213156e+05,6.369498e-07,B-KINETIC,1.000000e+03,5.000000e+05,0.8919
-6.278,1.000e-03,2.213156e+06,6.369498e-08,B-KINETIC,9.992000e+03,4.992003e+07,0.9988
-5.789,1.000e-01,2.119662e+04,2.876994e-07,B-HEAT,2.213000e+03,2.449791e+06,0.6463
-5.789,1.000e-02,2.119662e+05,6.638287e-07,B-KINETIC,9.590000e+02,4.603200e+05,0.8879
-5.789,1.000e-03,2.119662e+06,6.638287e-08,B-KINETIC,9.587000e+03,4.596008e+07,0.9987
-5.301,1.000e-01,2.030423e+04,2.874368e-07,B-HEAT,2.215000e+03,2.454220e+06,0.6465
-5.301,1.000e-02,2.030423e+05,6.917401e-07,B-KINETIC,9.200000e+02,4.232000e+05,0.8837
-5.301,1.000e-03,2.030423e+06,6.917401e-08,B-KINETIC,9.200000e+03,4.232000e+07,0.9987
-4.812,1.000e-01,1.945232e+04,2.871750e-07,B-HEAT,2.217000e+03,2.458653e+06,0.6467
-4.812,1.000e-02,1.945232e+05,7.207197e-07,B-KINETIC,8.840000e+02,3.907280e+05,0.8794
-4.812,1.000e-03,1.945232e+06,7.207197e-08,B-KINETIC,8.831000e+03,3.899770e+07,0.9986
-4.323,1.000e-01,1.863892e+04,2.869138e-07,B-HEAT,2.219000e+03,2.463090e+06,0.6469
-4.323,1.000e-02,1.863892e+05,7.508045e-07,B-KINETIC,8.480000e+02,3.595520e+05,0.8750
-4.323,1.000e-03,1.863892e+06,7.508045e-08,B-KINETIC,8.477000e+03,3.593400e+07,0.9986
-3.835,1.000e-01,1.786216e+04,2.866534e-07,B-HEAT,2.221000e+03,2.467531e+06,0.6471
-3.835,1.000e-02,1.786216e+05,7.820324e-07,B-KINETIC,8.140000e+02,3.312980e+05,0.8705
-3.835,1.000e-03,1.786216e+06,7.820324e-08,B-KINETIC,8.138000e+03,3.311352e+07,0.9985
-3.346,1.000e-01,1.712028e+04,2.863936e-07,B-HEAT,2.223000e+03,2.471976e+06,0.6473
-3.346,1.000e-02,1.712028e+05,8.144427e-07,B-KINETIC,7.820000e+02,3.057620e+05,0.8658
-3.346,1.000e-03,1.712028e+06,8.144427e-08,B-KINETIC,7.814000e+03,3.052930e+07,0.9985
-2.857,1.000e-01,1.641159e+04,2.861346e-07,B-HEAT,2.225000e+03,2.476425e+06,0.6475
-2.857,1.000e-02,1.641159e+05,8.480758e-07,B-KINETIC,7.510000e+02,2.823760e+05,0.8611
-2.857,1.000e-03,1.641159e+06,8.480758e-08,B-KINETIC,7.504000e+03,2.815501e+07,0.9984
-2.368,1.000e-01,1.573451e+04,2.858762e-07,B-HEAT,2.227000e+03,2.480878e+06,0.6477
-2.368,1.000e-02,1.573451e+05,8.829734e-07,B-KINETIC,7.210000e+02,2.602810e+05,0.8562
-2.368,1.000e-03,1.573451e+06,8.829734e-08,B-KINETIC,7.208000e+03,2.597763e+07,0.9983
-1.880,1.000e-01,1.508752e+04,2.856186e-07,B-HEAT,2.229000e+03,2.485335e+06,0.6479
-1.880,1.000e-02,1.508752e+05,9.191784e-07,B-KINETIC,6.930000e+02,2.404710e+05,0.8511
-1.880,1.000e-03,1.508752e+06,9.191784e-08,B-KINETIC,6.924000e+03,2.397089e+07,0.9983
-1.391,1.000e-01,1.446919e+04,2.853617e-07,B-HEAT,2.231000e+03,2.489796e+06,0.6481
-1.391,1.000e-02,1.446919e+05,9.567352e-07,B-KINETIC,6.660000e+02,2.217780e+05,0.8460
-1.391,1.000e-03,1.446919e+06,9.567352e-08,B-KINETIC,6.652000e+03,2.212455e+07,0.9982
