alpha_c,T_C,beta_sub_s_per_m,eps_m,binding,Nx,nodes_2D,f_kin,Lstar_m
1.000000e-04,-40.0,6.656364e+08,2.424083e-10,B-KINETIC,2.625307e+06,3.446120e+12,1.0000,1.249588e-03
1.000000e-04,-20.0,7.940954e+07,1.871412e-09,B-KINETIC,3.400630e+05,5.782159e+10,1.0000,1.391841e-03
1.000000e-04,-5.0,1.977532e+07,7.094450e-09,B-KINETIC,8.970400e+04,4.023404e+09,1.0000,1.500857e-03
1.131128e-04,-40.0,5.884714e+08,2.741948e-10,B-KINETIC,2.320964e+06,2.693437e+12,1.0000,1.104728e-03
1.131128e-04,-20.0,7.020386e+07,2.116806e-09,B-KINETIC,3.006400e+05,4.519220e+10,1.0000,1.230489e-03
1.131128e-04,-5.0,1.748283e+07,8.024730e-09,B-KINETIC,7.930500e+04,3.144681e+09,1.0000,1.326868e-03
1.279450e-04,-40.0,5.202519e+08,3.101494e-10,B-KINETIC,2.051903e+06,2.105154e+12,1.0000,9.766602e-04
1.279450e-04,-20.0,6.206536e+07,2.394378e-09,B-KINETIC,2.657880e+05,3.532163e+10,1.0000,1.087843e-03
1.279450e-04,-5.0,1.545610e+07,9.076996e-09,B-KINETIC,7.011100e+04,2.457811e+09,1.0000,1.173049e-03
1.447222e-04,-40.0,4.599408e+08,3.508186e-10,B-KINETIC,1.814032e+06,1.645356e+12,1.0000,8.634392e-04
1.447222e-04,-20.0,5.487033e+07,2.708348e-09,B-KINETIC,2.349760e+05,2.760686e+10,1.0000,9.617329e-04
1.447222e-04,-5.0,1.366433e+07,1.026724e-08,B-KINETIC,6.198400e+04,1.921008e+09,1.0000,1.037061e-03
1.636993e-04,-40.0,4.066214e+08,3.968207e-10,B-KINETIC,1.603738e+06,1.285988e+12,1.0000,7.633436e-04
1.636993e-04,-20.0,4.850939e+07,3.063488e-09,B-KINETIC,2.077360e+05,2.157712e+10,1.0000,8.502424e-04
1.636993e-04,-5.0,1.208027e+07,1.161356e-08,B-KINETIC,5.479800e+04,1.501410e+09,1.0000,9.168380e-04
1.851648e-04,-40.0,3.594832e+08,4.488549e-10,B-KINETIC,1.417822e+06,1.005110e+12,1.0000,6.748517e-04
1.851648e-04,-20.0,4.288586e+07,3.465197e-09,B-KINETIC,1.836540e+05,1.686440e+10,1.0000,7.516766e-04
1.851648e-04,-5.0,1.067984e+07,1.313643e-08,B-KINETIC,4.844600e+04,1.173507e+09,1.0000,8.105520e-04
2.094451e-04,-40.0,3.178095e+08,5.077123e-10,B-KINETIC,1.253459e+06,7.855804e+11,1.0000,5.966184e-04
2.094451e-04,-20.0,3.791425e+07,3.919581e-09,B-KINETIC,1.623640e+05,1.318103e+10,1.0000,6.645373e-04
2.094451e-04,-5.0,9.441766e+06,1.485898e-08,B-KINETIC,4.283000e+04,9.172044e+08,0.9999,7.165874e-04
2.369092e-04,-40.0,2.809669e+08,5.742876e-10,B-KINETIC,1.108149e+06,6.139977e+11,1.0000,5.274544e-04
2.369092e-04,-20.0,3.351898e+07,4.433547e-09,B-KINETIC,1.435420e+05,1.030215e+10,1.0000,5.874997e-04
2.369092e-04,-5.0,8.347213e+06,1.680740e-08,B-KINETIC,3.786500e+04,7.168980e+08,0.9999,6.335158e-04
2.679746e-04,-40.0,2.483953e+08,6.495927e-10,B-KINETIC,9.796850e+05,4.798918e+11,1.0000,4.663084e-04
2.679746e-04,-20.0,2.963323e+07,5.014908e-09,B-KINETIC,1.269010e+05,8.051995e+09,1.0000,5.193928e-04
2.679746e-04,-5.0,7.379549e+06,1.901132e-08,B-KINETIC,3.347500e+04,5.603046e+08,0.9999,5.600745e-04
3.031136e-04,-40.0,2.195997e+08,7.347724e-10,B-KINETIC,8.661140e+05,3.750767e+11,1.0000,4.122508e-04
3.031136e-04,-20.0,2.619795e+07,5.672503e-09,B-KINETIC,1.121900e+05,6.293298e+09,1.0000,4.591813e-04
3.031136e-04,-5.0,6.524062e+06,2.150424e-08,B-KINETIC,2.959400e+04,4.379024e+08,0.9999,4.951469e-04
3.428602e-04,-40.0,1.941422e+08,8.311215e-10,B-KINETIC,7.657080e+05,2.931544e+11,1.0000,3.644600e-04
3.428602e-04,-20.0,2.316091e+07,6.416326e-09,B-KINETIC,9.918400e+04,4.918733e+09,1.0000,4.059500e-04
3.428602e-04,-5.0,5.767749e+06,2.432404e-08,B-KINETIC,2.616400e+04,3.422774e+08,0.9998,4.377462e-04
3.878187e-04,-40.0,1.716360e+08,9.401047e-10,B-KINETIC,6.769420e+05,2.291252e+11,1.0000,3.222093e-04
3.878187e-04,-20.0,2.047594e+07,7.257685e-09,B-KINETIC,8.768600e+04,3.844417e+09,0.9999,3.588896e-04
3.878187e-04,-5.0,5.099114e+06,2.751360e-08,B-KINETIC,2.313100e+04,2.675331e+08,0.9998,3.869997e-04
4.386726e-04,-40.0,1.517388e+08,1.063379e-09,B-KINETIC,5.984670e+05,1.790817e+11,1.0000,2.848567e-04
4.386726e-04,-20.0,1.810224e+07,8.209370e-09,B-KINETIC,7.752100e+04,3.004791e+09,0.9999,3.172847e-04
4.386726e-04,-5.0,4.507990e+06,3.112140e-08,B-KINETIC,2.044900e+04,2.090910e+08,0.9997,3.421361e-04
4.961948e-04,-40.0,1.341482e+08,1.202817e-09,B-KINETIC,5.290880e+05,1.399671e+11,1.0000,2.518342e-04
4.961948e-04,-20.0,1.600370e+07,9.285847e-09,B-KINETIC,6.853400e+04,2.348455e+09,0.9999,2.805029e-04
4.961948e-04,-5.0,3.985394e+06,3.520229e-08,B-KINETIC,1.807900e+04,1.634342e+08,0.9997,3.024734e-04
5.612597e-04,-40.0,1.185969e+08,1.360540e-09,B-KINETIC,4.677530e+05,1.093967e+11,1.0000,2.226399e-04
5.612597e-04,-20.0,1.414845e+07,1.050348e-08,B-KINETIC,6.059000e+04,1.835574e+09,0.9999,2.479852e-04
5.612597e-04,-5.0,3.523381e+06,3.981829e-08,B-KINETIC,1.598300e+04,1.277361e+08,0.9996,2.674087e-04
6.348565e-04,-40.0,1.048483e+08,1.538945e-09,B-KINETIC,4.135280e+05,8.550270e+10,1.0000,1.968300e-04
6.348565e-04,-20.0,1.250827e+07,1.188078e-08,B-KINETIC,5.356600e+04,1.434658e+09,0.9999,2.192371e-04
6.348565e-04,-5.0,3.114927e+06,4.503958e-08,B-KINETIC,1.413000e+04,9.982845e+07,0.9995,2.364089e-04
7.181039e-04,-40.0,9.269361e+07,1.740743e-09,B-KINETIC,3.655890e+05,6.682784e+10,1.0000,1.740122e-04
7.181039e-04,-20.0,1.105822e+07,1.343868e-08,B-KINETIC,4.735600e+04,1.121295e+09,0.9998,1.938217e-04
7.181039e-04,-5.0,2.753824e+06,5.094552e-08,B-KINETIC,1.249200e+04,7.802503e+07,0.9993,2.090028e-04
8.122674e-04,-40.0,8.194795e+07,1.969003e-09,B-KINETIC,3.232080e+05,5.223171e+10,1.0000,1.538395e-04
8.122674e-04,-20.0,9.776281e+06,1.520087e-08,B-KINETIC,4.186600e+04,8.763810e+08,0.9998,1.713526e-04
8.122674e-04,-5.0,2.434582e+06,5.762590e-08,B-KINETIC,1.104400e+04,6.098497e+07,0.9991,1.847738e-04
9.187782e-04,-40.0,7.244800e+07,2.227195e-09,B-KINETIC,2.857390e+05,4.082353e+10,1.0000,1.360054e-04
9.187782e-04,-20.0,8.642949e+06,1.719412e-08,B-KINETIC,3.701300e+04,6.849996e+08,0.9997,1.514882e-04
9.187782e-04,-5.0,2.152349e+06,6.518226e-08,B-KINETIC,9.764000e+03,4.766785e+07,0.9989,1.633536e-04
1.039256e-03,-40.0,6.404934e+07,2.519242e-09,B-KINETIC,2.526150e+05,3.190730e+10,0.9999,1.202388e-04
1.039256e-03,-20.0,7.641001e+06,1.944875e-08,B-KINETIC,3.272200e+04,5.353646e+08,0.9996,1.339267e-04
1.039256e-03,-5.0,1.902835e+06,7.372947e-08,B-KINETIC,8.632000e+03,3.725571e+07,0.9985,1.444166e-04
1.175531e-03,-40.0,5.662432e+07,2.849585e-09,B-KINETIC,2.233300e+05,2.493814e+10,0.9999,1.062999e-04
1.175531e-03,-20.0,6.755205e+06,2.199903e-08,B-KINETIC,2.892900e+04,4.184580e+08,0.9995,1.184010e-04
1.175531e-03,-5.0,1.682245e+06,8.339746e-08,B-KINETIC,7.631000e+03,2.911990e+07,0.9981,1.276748e-04
1.329676e-03,-40.0,5.006005e+07,3.223245e-09,B-KINETIC,1.974400e+05,1.949128e+10,0.9999,9.397689e-05
1.329676e-03,-20.0,5.972097e+06,2.488371e-08,B-KINETIC,2.557500e+04,3.270531e+08,0.9994,1.046752e-04
1.329676e-03,-5.0,1.487228e+06,9.433319e-08,B-KINETIC,6.747000e+03,2.276438e+07,0.9976,1.128739e-04
1.504034e-03,-40.0,4.425675e+07,3.645902e-09,B-KINETIC,1.745520e+05,1.523420e+10,0.9999,8.308246e-05
1.504034e-03,-20.0,5.279772e+06,2.814666e-08,B-KINETIC,2.261100e+04,2.556400e+08,0.9992,9.254055e-05
1.504034e-03,-5.0,1.314819e+06,1.067029e-07,B-KINETIC,5.965000e+03,1.779360e+07,0.9970,9.978882e-05
1.701254e-03,-40.0,3.912622e+07,4.123981e-09,B-KINETIC,1.543160e+05,1.190671e+10,0.9999,7.345099e-05
1.701254e-03,-20.0,4.667705e+06,3.183747e-08,B-KINETIC,1.998900e+04,1.997901e+08,0.9990,8.181263e-05
1.701254e-03,-5.0,1.162396e+06,1.206946e-07,B-KINETIC,5.273000e+03,1.390490e+07,0.9961,8.822064e-05
1.924336e-03,-40.0,3.459044e+07,4.664750e-09,B-KINETIC,1.364270e+05,9.306231e+09,0.9998,6.493606e-05
1.924336e-03,-20.0,4.126594e+06,3.601225e-08,B-KINETIC,1.767200e+04,1.561498e+08,0.9987,7.232836e-05
1.924336e-03,-5.0,1.027644e+06,1.365211e-07,B-KINETIC,4.662000e+03,1.086712e+07,0.9950,7.799351e-05
2.176670e-03,-40.0,3.058049e+07,5.276429e-09,B-KINETIC,1.206120e+05,7.273627e+09,0.9998,5.740824e-05
2.176670e-03,-20.0,3.648212e+06,4.073446e-08,B-KINETIC,1.562400e+04,1.220547e+08,0.9983,6.394358e-05
2.176670e-03,-5.0,9.085123e+05,1.544228e-07,B-KINETIC,4.122000e+03,8.495442e+06,0.9936,6.895198e-05
2.462092e-03,-40.0,2.703540e+07,5.968316e-09,B-KINETIC,1.066300e+05,5.684978e+09,0.9997,5.075310e-05
2.462092e-03,-20.0,3.225287e+06,4.607589e-08,B-KINETIC,1.381200e+04,9.538567e+07,0.9978,5.653081e-05
2.462092e-03,-5.0,8.031915e+05,1.746719e-07,B-KINETIC,3.644000e+03,6.639368e+06,0.9919,6.095861e-05
2.784941e-03,-40.0,2.390127e+07,6.750929e-09,B-KINETIC,9.426800e+04,4.443228e+09,0.9996,4.486946e-05
2.784941e-03,-20.0,2.851390e+06,5.211772e-08,B-KINETIC,1.221100e+04,7.456037e+07,0.9972,4.997738e-05
2.784941e-03,-5.0,7.100802e+05,1.975763e-07,B-KINETIC,3.222000e+03,5.190642e+06,0.9896,5.389188e-05
3.150125e-03,-40.0,2.113048e+07,7.636164e-09,B-KINETIC,8.334000e+04,3.472778e+09,0.9995,3.966789e-05
3.150125e-03,-20.0,2.520838e+06,5.895181e-08,B-KINETIC,1.079600e+04,5.827681e+07,0.9965,4.418367e-05
3.150125e-03,-5.0,6.277630e+05,2.234840e-07,B-KINETIC,2.848000e+03,4.055552e+06,0.9868,4.764438e-05
3.563194e-03,-40.0,1.868089e+07,8.637478e-09,B-KINETIC,7.367900e+04,2.714334e+09,0.9994,3.506933e-05
3.563194e-03,-20.0,2.228606e+06,6.668203e-08,B-KINETIC,9.544000e+03,4.554397e+07,0.9955,3.906161e-05
3.563194e-03,-5.0,5.549885e+05,2.527890e-07,B-KINETIC,2.518000e+03,3.170162e+06,0.9832,4.212112e-05
4.030428e-03,-40.0,1.651528e+07,9.770092e-09,B-KINETIC,6.513800e+04,2.121480e+09,0.9992,3.100386e-05
4.030428e-03,-20.0,1.970251e+06,7.542591e-08,B-KINETIC,8.438000e+03,3.559992e+07,0.9942,3.453333e-05
4.030428e-03,-5.0,4.906505e+05,2.859367e-07,B-KINETIC,2.226000e+03,2.477538e+06,0.9785,3.723816e-05
4.558929e-03,-40.0,1.460072e+07,1.105122e-08,B-KINETIC,5.758700e+04,1.658160e+09,0.9990,2.740968e-05
4.558929e-03,-20.0,1.741846e+06,8.531634e-08,B-KINETIC,7.460000e+03,2.782580e+07,0.9926,3.052999e-05
4.558929e-03,-5.0,4.337711e+05,3.234310e-07,B-KINETIC,1.968000e+03,1.936512e+06,0.9727,3.292127e-05
5.156732e-03,-40.0,1.290811e+07,1.250035e-08,B-KINETIC,5.091100e+04,1.295990e+09,0.9988,2.423217e-05
5.156732e-03,-20.0,1.539920e+06,9.650369e-08,B-KINETIC,6.595000e+03,2.175031e+07,0.9906,2.699075e-05
5.156732e-03,-5.0,3.834854e+05,3.658418e-07,B-KINETIC,1.740000e+03,1.513800e+06,0.9654,2.910481e-05
5.832924e-03,-40.0,1.141171e+07,1.413949e-08,B-KINETIC,4.500900e+04,1.012928e+09,0.9984,2.142302e-05
5.832924e-03,-20.0,1.361402e+06,1.091580e-07,B-KINETIC,5.831000e+03,1.700320e+07,0.9880,2.386181e-05
5.832924e-03,-5.0,3.390292e+05,4.138138e-07,B-KINETIC,1.538000e+03,1.182722e+06,0.9561,2.573079e-05
6.597782e-03,-40.0,1.008879e+07,1.599357e-08,B-KINETIC,3.979100e+04,7.916817e+08,0.9980,1.893952e-05
6.597782e-03,-20.0,1.203579e+06,1.234717e-07,B-KINETIC,5.155000e+03,1.328959e+07,0.9847,2.109559e-05
6.597782e-03,-5.0,2.997267e+05,4.680764e-07,B-KINETIC,1.360000e+03,9.248000e+05,0.9445,2.274791e-05
7.462936e-03,-40.0,8.919230e+06,1.809077e-08,B-KINETIC,3.517800e+04,6.187458e+08,0.9974,1.674392e-05
7.462936e-03,-20.0,1.064052e+06,1.396623e-07,B-KINETIC,4.557000e+03,1.038540e+07,0.9805,1.865004e-05
7.462936e-03,-5.0,2.649804e+05,5.294542e-07,B-KINETIC,1.202000e+03,7.224020e+05,0.9301,2.011082e-05
8.441535e-03,-40.0,7.885254e+06,2.046298e-08,B-KINETIC,3.110000e+04,4.836050e+08,0.9967,1.480286e-05
8.441535e-03,-20.0,9.407003e+05,1.579759e-07,B-KINETIC,4.029000e+03,8.118435e+06,0.9752,1.648801e-05
8.441535e-03,-5.0,2.342621e+05,5.988804e-07,B-KINETIC,1.063000e+03,5.655160e+05,0.9123,1.777944e-05
9.548455e-03,-40.0,6.971143e+06,2.314625e-08,B-KINETIC,2.749500e+04,3.780013e+08,0.9958,1.308681e-05
9.548455e-03,-20.0,8.316480e+05,1.786909e-07,B-KINETIC,3.562000e+03,6.343922e+06,0.9685,1.457661e-05
9.548455e-03,-5.0,2.071049e+05,6.774104e-07,B-KINETIC,9.400000e+02,4.418000e+05,0.8904,1.571833e-05
1.080052e-02,-40.0,6.163001e+06,2.618137e-08,B-KINETIC,2.430800e+04,2.954394e+08,0.9946,1.156970e-05
1.080052e-02,-20.0,7.352379e+05,2.021223e-07,B-KINETIC,3.149000e+03,4.959675e+06,0.9601,1.288679e-05
1.080052e-02,-5.0,1.830959e+05,7.662377e-07,B-KINETIC,8.310000e+02,3.456960e+05,0.8640,1.389615e-05
1.221677e-02,-40.0,5.448545e+06,2.961447e-08,B-KINETIC,2.149000e+04,2.309100e+08,0.9931,1.022846e-05
1.221677e-02,-20.0,6.500042e+05,2.286261e-07,B-KINETIC,2.784000e+03,3.875328e+06,0.9495,1.139287e-05
1.221677e-02,-5.0,1.618702e+05,8.667129e-07,B-KINETIC,7.350000e+02,2.704800e+05,0.8323,1.228522e-05
1.381873e-02,-40.0,4.816914e+06,3.349775e-08,B-KINETIC,1.899900e+04,1.804905e+08,0.9912,9.042711e-06
1.381873e-02,-20.0,5.746514e+05,2.586054e-07,B-KINETIC,2.461000e+03,3.029491e+06,0.9363,1.007213e-05
1.381873e-02,-5.0,1.431051e+05,9.803631e-07,B-KINETIC,6.500000e+02,2.112500e+05,0.7951,1.086103e-05
1.563075e-02,-40.0,4.258505e+06,3.789024e-08,B-KINETIC,1.679600e+04,1.410528e+08,0.9888,7.994420e-06
1.563075e-02,-20.0,5.080340e+05,2.925158e-07,B-KINETIC,2.176000e+03,2.367488e+06,0.9199,8.904502e-06
1.563075e-02,-5.0,1.265154e+05,1.108916e-06,B-KINETIC,5.740000e+02,1.647380e+05,0.7520,9.601951e-06
1.768038e-02,-40.0,3.764831e+06,4.285871e-08,B-KINETIC,1.484900e+04,1.102538e+08,0.9857,7.067654e-06
1.768038e-02,-20.0,4.491393e+05,3.308727e-07,B-KINETIC,1.924000e+03,1.850888e+06,0.8997,7.872233e-06
1.768038e-02,-5.0,1.118489e+05,1.254326e-06,B-KINETIC,5.080000e+02,1.290320e+05,0.7033,8.488829e-06
1.999877e-02,-40.0,3.328386e+06,4.847868e-08,B-KINETIC,1.312800e+04,8.617219e+07,0.9818,6.248324e-06
1.999877e-02,-20.0,3.970721e+05,3.742594e-07,B-KINETIC,1.701000e+03,1.447551e+06,0.8752,6.959631e-06
1.999877e-02,-5.0,9.888265e+04,1.418803e-06,B-KINETIC,4.490000e+02,1.010250e+05,0.6494,7.504747e-06
2.262117e-02,-40.0,2.942538e+06,5.483559e-08,B-KINETIC,1.160600e+04,6.734962e+07,0.9768,5.523977e-06
2.262117e-02,-20.0,3.510408e+05,4.233352e-07,B-KINETIC,1.504000e+03,1.131008e+06,0.8457,6.152825e-06
2.262117e-02,-5.0,8.741952e+04,1.269941e-06,B-HEAT,5.020000e+02,1.260020e+05,0.6466,6.634747e-06
2.558744e-02,-40.0,2.601419e+06,6.202606e-08,B-KINETIC,1.026100e+04,5.264919e+07,0.9705,4.883601e-06
2.558744e-02,-20.0,3.103458e+05,4.788463e-07,B-KINETIC,1.330000e+03,8.844500e+05,0.8108,5.439548e-06
2.558744e-02,-5.0,7.728526e+04,1.122721e-06,B-HEAT,5.670000e+02,1.610280e+05,0.6466,5.865603e-06
2.894266e-02,-40.0,2.299845e+06,7.015941e-08,B-KINETIC,9.071000e+03,4.114606e+07,0.9626,4.317461e-06
2.894266e-02,-20.0,2.743685e+05,5.416364e-07,B-KINETIC,1.175000e+03,6.909000e+05,0.7701,4.808960e-06
2.894266e-02,-5.0,6.832584e+04,9.925680e-07,B-HEAT,6.420000e+02,2.060820e+05,0.6466,5.185623e-06
3.273785e-02,-40.0,2.033232e+06,7.935927e-08,B-KINETIC,8.020000e+03,3.216020e+07,0.9526,3.816952e-06
3.273785e-02,-20.0,2.425619e+05,6.126600e-07,B-KINETIC,1.039000e+03,5.402800e+05,0.7236,4.251473e-06
3.273785e-02,-5.0,6.040505e+04,8.775029e-07,B-HEAT,7.260000e+02,2.635380e+05,0.6466,4.584471e-06
3.703070e-02,-40.0,1.797526e+06,8.976548e-08,B-KINETIC,7.090000e+03,2.513405e+07,0.9401,3.374466e-06
3.703070e-02,-20.0,2.144425e+05,6.929968e-07,B-KINETIC,9.190000e+02,4.227400e+05,0.6717,3.758614e-06
3.703070e-02,-5.0,5.340250e+04,7.757769e-07,B-HEAT,8.210000e+02,3.374310e+05,0.6466,4.053009e-06
4.188645e-02,-40.0,1.589145e+06,1.015362e-07,B-KINETIC,6.268000e+03,1.964391e+07,0.9247,2.983275e-06
4.188645e-02,-20.0,1.895829e+05,7.058706e-07,B-HEAT,9.020000e+02,4.068020e+05,0.6397,3.322890e-06
4.188645e-02,-5.0,4.721172e+04,6.858437e-07,B-HEAT,9.280000e+02,4.305920e+05,0.6466,3.583157e-06
4.737893e-02,-40.0,1.404921e+06,1.148505e-07,B-KINETIC,5.542000e+03,1.535688e+07,0.9056,2.637434e-06
4.737893e-02,-20.0,1.676052e+05,6.240414e-07,B-HEAT,1.020000e+03,5.202000e+05,0.6397,2.937679e-06
4.737893e-02,-5.0,4.173863e+04,6.063361e-07,B-HEAT,1.050000e+03,5.512500e+05,0.6466,3.167774e-06
5.359163e-02,-40.0,1.242053e+06,1.299106e-07,B-KINETIC,4.899000e+03,1.200255e+07,0.8823,2.331685e-06
5.359163e-02,-20.0,1.481753e+05,5.516983e-07,B-HEAT,1.154000e+03,6.658580e+05,0.6397,2.597123e-06
5.359163e-02,-5.0,3.690001e+04,5.360456e-07,B-HEAT,1.188000e+03,7.056720e+05,0.6466,2.800544e-06
6.061899e-02,-40.0,1.098066e+06,1.469455e-07,B-KINETIC,4.331000e+03,9.380946e+06,0.8542,2.061381e-06
6.061899e-02,-20.0,1.309978e+05,4.877418e-07,B-HEAT,1.305000e+03,8.521650e+05,0.6397,2.296048e-06
6.061899e-02,-5.0,3.262231e+04,4.739036e-07,B-HEAT,1.343000e+03,9.024960e+05,0.6466,2.475886e-06
6.856783e-02,-40.0,9.707707e+05,1.662141e-07,B-KINETIC,3.829000e+03,7.332535e+06,0.8208,1.822412e-06
6.856783e-02,-20.0,1.158117e+05,4.311995e-07,B-HEAT,1.476000e+03,1.089288e+06,0.6397,2.029874e-06
6.856783e-02,-5.0,2.884052e+04,4.189656e-07,B-HEAT,1.519000e+03,1.154440e+06,0.6466,2.188865e-06
7.755898e-02,-40.0,8.582325e+05,1.880094e-07,B-KINETIC,3.385000e+03,5.730805e+06,0.7817,1.611146e-06
7.755898e-02,-20.0,1.023860e+05,3.812120e-07,B-HEAT,1.670000e+03,1.394450e+06,0.6397,1.794558e-06
7.755898e-02,-5.0,2.549713e+04,3.703963e-07,B-HEAT,1.719000e+03,1.478340e+06,0.6466,1.935117e-06
8.772913e-02,-40.0,7.587405e+05,2.126627e-07,B-KINETIC,2.993000e+03,4.480521e+06,0.7367,1.424371e-06
8.772913e-02,-20.0,9.051673e+04,3.370194e-07,B-HEAT,1.889000e+03,1.785105e+06,0.6397,1.586521e-06
8.772913e-02,-5.0,2.254133e+04,3.274575e-07,B-HEAT,1.944000e+03,1.889568e+06,0.6466,1.710786e-06
9.923286e-02,-40.0,6.707822e+05,2.405487e-07,B-KINETIC,2.646000e+03,3.500658e+06,0.6862,1.259248e-06
9.923286e-02,-20.0,8.002343e+04,2.979498e-07,B-HEAT,2.136000e+03,2.281248e+06,0.6397,1.402601e-06
9.923286e-02,-5.0,1.992819e+04,2.894964e-07,B-HEAT,2.199000e+03,2.418900e+06,0.6466,1.512460e-06
1.122451e-01,-40.0,5.930207e+05,2.720913e-07,B-KINETIC,2.339000e+03,2.736630e+06,0.6309,1.113268e-06
1.122451e-01,-20.0,7.074658e+04,2.634095e-07,B-HEAT,2.416000e+03,2.918528e+06,0.6397,1.240002e-06
1.122451e-01,-5.0,1.761798e+04,2.559361e-07,B-HEAT,2.487000e+03,3.093828e+06,0.6466,1.337126e-06
1.269635e-01,-40.0,5.242738e+05,2.426560e-07,B-HEAT,2.623000e+03,3.441376e+06,0.6289,9.842104e-07
1.269635e-01,-20.0,6.254517e+04,2.328733e-07,B-HEAT,2.733000e+03,3.736011e+06,0.6397,1.096253e-06
1.269635e-01,-5.0,1.557559e+04,2.262663e-07,B-HEAT,2.813000e+03,3.957891e+06,0.6466,1.182117e-06
1.436120e-01,-40.0,4.634965e+05,2.145257e-07,B-HEAT,2.967000e+03,4.403028e+06,0.6289,8.701142e-07
1.436120e-01,-20.0,5.529451e+04,2.058771e-07,B-HEAT,3.092000e+03,4.780232e+06,0.6397,9.691677e-07
1.436120e-01,-5.0,1.376996e+04,2.000360e-07,B-HEAT,3.182000e+03,5.062562e+06,0.6466,1.045078e-06
1.624435e-01,-40.0,4.097649e+05,1.896564e-07,B-HEAT,3.356000e+03,5.631368e+06,0.6289,7.692448e-07
1.624435e-01,-20.0,4.888440e+04,1.820105e-07,B-HEAT,3.497000e+03,6.116253e+06,0.6397,8.568154e-07
1.624435e-01,-5.0,1.217366e+04,1.768465e-07,B-HEAT,3.599000e+03,6.478200e+06,0.6466,9.239257e-07
1.837444e-01,-40.0,3.622622e+05,1.676702e-07,B-HEAT,3.796000e+03,7.204808e+06,0.6289,6.800688e-07
1.837444e-01,-20.0,4.321740e+04,1.609106e-07,B-HEAT,3.955000e+03,7.822990e+06,0.6397,7.574876e-07
1.837444e-01,-5.0,1.076241e+04,1.563452e-07,B-HEAT,4.071000e+03,8.288556e+06,0.6466,8.168181e-07
2.078384e-01,-40.0,3.202664e+05,1.482328e-07,B-HEAT,4.294000e+03,9.219218e+06,0.6289,6.012307e-07
2.078384e-01,-20.0,3.820735e+04,1.422568e-07,B-HEAT,4.474000e+03,1.000834e+07,0.6397,6.696746e-07
2.078384e-01,-5.0,9.514757e+03,1.382207e-07,B-HEAT,4.605000e+03,1.060532e+07,0.6466,7.221271e-07
2.350918e-01,-40.0,2.831389e+05,1.310486e-07,B-HEAT,4.857000e+03,1.179765e+07,0.6289,5.315320e-07
2.350918e-01,-20.0,3.377810e+04,1.257654e-07,B-HEAT,5.061000e+03,1.280939e+07,0.6397,5.920415e-07
2.350918e-01,-5.0,8.411743e+03,1.221972e-07,B-HEAT,5.208000e+03,1.356163e+07,0.6466,6.384133e-07
2.659189e-01,-40.0,2.503156e+05,1.158566e-07,B-HEAT,5.493000e+03,1.508927e+07,0.6289,4.699133e-07
2.659189e-01,-20.0,2.986232e+04,1.111858e-07,B-HEAT,5.724000e+03,1.638209e+07,0.6397,5.234081e-07
2.659189e-01,-5.0,7.436598e+03,1.080313e-07,B-HEAT,5.891000e+03,1.735489e+07,0.6466,5.644042e-07
3.007883e-01,-40.0,2.212973e+05,1.024257e-07,B-HEAT,6.214000e+03,1.930690e+07,0.6289,4.154378e-07
3.007883e-01,-20.0,2.640048e+04,9.829644e-08,B-HEAT,6.475000e+03,2.096605e+07,0.6397,4.627311e-07
3.007883e-01,-5.0,6.574498e+03,9.550758e-08,B-HEAT,6.664000e+03,2.220445e+07,0.6466,4.989747e-07
3.402300e-01,-40.0,1.956431e+05,9.055185e-08,B-HEAT,7.028000e+03,2.469639e+07,0.6289,3.672775e-07
3.402300e-01,-20.0,2.333996e+04,8.690126e-08,B-HEAT,7.324000e+03,2.682049e+07,0.6397,4.090883e-07
3.402300e-01,-5.0,5.812338e+03,8.443571e-08,B-HEAT,7.538000e+03,2.841072e+07,0.6466,4.411302e-07
3.848436e-01,-40.0,1.729628e+05,8.005448e-08,B-HEAT,7.950000e+03,3.160125e+07,0.6289,3.247002e-07
3.848436e-01,-20.0,2.063424e+04,7.682709e-08,B-HEAT,8.284000e+03,3.431233e+07,0.6397,3.616640e-07
3.848436e-01,-5.0,5.138533e+03,7.464736e-08,B-HEAT,8.526000e+03,3.634634e+07,0.6466,3.899915e-07
4.353073e-01,-40.0,1.529118e+05,7.077403e-08,B-HEAT,8.992000e+03,4.042803e+07,0.6289,2.870588e-07
4.353073e-01,-20.0,1.824218e+04,6.792078e-08,B-HEAT,9.370000e+03,4.389845e+07,0.6397,3.197375e-07
4.353073e-01,-5.0,4.542840e+03,6.599374e-08,B-HEAT,9.644000e+03,4.650337e+07,0.6466,3.447811e-07
4.923883e-01,-40.0,1.351853e+05,6.256943e-08,B-HEAT,1.017200e+04,5.173479e+07,0.6289,2.537811e-07
4.923883e-01,-20.0,1.612742e+04,6.004695e-08,B-HEAT,1.059900e+04,5.617470e+07,0.6397,2.826714e-07
4.923883e-01,-5.0,4.016204e+03,5.834331e-08,B-HEAT,1.090800e+04,5.949223e+07,0.6466,3.048118e-07
5.569541e-01,-40.0,1.195137e+05,5.531597e-08,B-HEAT,1.150500e+04,6.618826e+07,0.6289,2.243611e-07
5.569541e-01,-20.0,1.425782e+04,5.308591e-08,B-HEAT,1.198900e+04,7.187406e+07,0.6397,2.499023e-07
5.569541e-01,-5.0,3.550619e+03,5.157976e-08,B-HEAT,1.233900e+04,7.613163e+07,0.6466,2.694760e-07
6.299863e-01,-40.0,1.056589e+05,4.890337e-08,B-HEAT,1.301400e+04,8.468210e+07,0.6289,1.983516e-07
6.299863e-01,-20.0,1.260496e+04,4.693184e-08,B-HEAT,1.356100e+04,9.195714e+07,0.6397,2.209319e-07
6.299863e-01,-5.0,3.139007e+03,4.560029e-08,B-HEAT,1.395600e+04,9.738497e+07,0.6466,2.382365e-07
7.125951e-01,-40.0,9.341019e+04,4.323417e-08,B-HEAT,1.472000e+04,1.083392e+08,0.6289,1.753574e-07
7.125951e-01,-20.0,1.114371e+04,4.149119e-08,B-HEAT,1.533900e+04,1.176501e+08,0.6397,1.953200e-07
7.125951e-01,-5.0,2.775113e+03,4.031400e-08,B-HEAT,1.578600e+04,1.245989e+08,0.6466,2.106185e-07
8.060361e-01,-40.0,8.258146e+04,3.822218e-08,B-HEAT,1.665000e+04,1.386112e+08,0.6289,1.550288e-07
8.060361e-01,-20.0,9.851858e+03,3.668125e-08,B-HEAT,1.735000e+04,1.505112e+08,0.6397,1.726772e-07
8.060361e-01,-5.0,2.453403e+03,3.564054e-08,B-HEAT,1.785600e+04,1.594184e+08,0.6466,1.862022e-07
9.117299e-01,-40.0,7.300807e+04,3.379121e-08,B-HEAT,1.883400e+04,1.773598e+08,0.6289,1.370568e-07
9.117299e-01,-20.0,8.709765e+03,3.242892e-08,B-HEAT,1.962500e+04,1.925801e+08,0.6397,1.526593e-07
9.117299e-01,-5.0,2.168988e+03,3.150885e-08,B-HEAT,2.019800e+04,2.039796e+08,0.6466,1.646164e-07
