R_m,L_m,eps_m,binding,h_m,band_1_99_m,Nx,dof,ranks,tau_sub_s,dtmax_s,t_equiv_s,steps,usd,delta_heat,R_over_Lstar,fixed_eps_Nx,fixed_eps_dof,fixed_eps_steps,fixed_eps_usd,fixed_eps_valid
4.999999999999999e-08,1.9999999999999995e-06,9.999999999999996e-10,B-KINETIC,7.071067811865472e-10,9.199999999999996e-09,2829,24009723,121,0.007822289670607514,0.00852629574096219,1.9076379969091706,293.73584671060144,3.1489768005271297,1.3368208603642867e-05,0.00035923647208580114,3,27,70.00022373584672,1.1655953755712864e-06,False
5.398875811638546e-08,2.1595503246554183e-06,1.0797751623277091e-09,B-KINETIC,7.635163394387282e-10,9.933931493414924e-09,2829,24009723,121,0.00912012017716154,0.009940930993106079,2.2242063297527004,293.7422562630363,3.1490373183903806,1.4434659615029158e-05,0.0003878946199604796,4,48,70.00026086431873,2.072170257408214e-06,False
5.829572005899155e-08,2.331828802359662e-06,1.1659144011798308e-09,B-KINETIC,8.244259793573112e-10,1.0726412490854442e-08,2829,24009723,121,0.01063327945504339,0.011590274605997297,2.5933144059018103,293.74917713855723,3.1491026640759974,1.558618692896334e-05,0.000418838976233872,4,48,70.0003041548739,2.072171074560733e-06,False
6.29462705897083e-08,2.517850823588332e-06,1.2589254117941659e-09,B-KINETIC,8.901946956877214e-10,1.1582113788506324e-08,2829,24009723,121,0.012397493648404716,0.013513268076761141,3.023683597138336,293.756650128046,3.1491732227242877,1.6829577521291414e-05,0.0004522519235521007,4,48,70.00035463039156,2.072172027336604e-06,False
6.796781954392633e-08,2.718712781757053e-06,1.3593563908785266e-09,B-KINETIC,9.612101220394772e-10,1.2506078796082444e-08,2829,24009723,121,0.0144544163832106,0.015755313857699554,3.5254833824810485,293.7647192764846,3.1492494102002033,1.817215979995924e-05,0.0004883303941664893,4,48,70.00041348359119,2.0721731382496003e-06,False
7.338996338110352e-08,2.935598535244141e-06,1.4677992676220703e-09,B-KINETIC,1.0378908155562139e-09,1.3503753262123046e-08,2829,24009723,121,0.016852612221834932,0.018369347321800077,4.1105718964177544,293.7734321425496,3.1493316755443765,1.9621846797846064e-05,0.0005272870306306754,5,75,70.00048210524491,3.2377725524249002e-06,False
7.924465962305569e-08,3.1697863849222277e-06,1.5848931924611138e-09,B-KINETIC,1.1206887238456494e-09,1.4581017370642246e-08,2829,24009723,121,0.019648703286936575,0.02141708658276087,4.792776461706344,293.7828400789193,3.1494205036197354,2.118718281131368e-05,0.0005693514390925333,5,75,70.0005621170796,3.2377749122739493e-06,False
8.556641520808905e-08,3.422656608323562e-06,1.7113283041617808e-09,B-KINETIC,1.2100918487092697e-09,1.574422039828838e-08,2829,24009723,121,0.02290870612674884,0.024970489678156238,5.5882207599603575,293.7929985349401,3.149516417969224,2.2877393759353084e-05,0.0006147715425676552,5,75,70.00065541014877,3.2377776638364083e-06,False
9.239248987111452e-08,3.695699594844581e-06,1.8478497974222903e-09,B-KINETIC,1.3066271223714894e-09,1.700021813628507e-08,2829,24009723,121,0.026709590385573096,0.02911345352027468,6.515706402070822,293.80396738343904,3.1496199839015144,2.4702441560140396e-05,0.0006638150421704461,6,108,70.00076418958479,4.662404455895855e-06,False
9.976311574844392e-08,3.9905246299377566e-06,1.9952623149688786e-09,B-KINETIC,1.410863513160463e-09,1.8356413297713683e-08,2829,24009723,121,0.031141096080154047,0.033943794727367915,7.597157954610645,293.8158112736073,3.1497318118228623,2.6673082845491355e-05,0.0007167709949151686,6,108,70.00089102679351,4.662409842798946e-06,False
1.077217345015941e-07,4.308869380063764e-06,2.154434690031882e-09,B-KINETIC,1.5234153789450813e-09,1.9820799148293312e-08,2829,24009723,121,0.03630785238837638,0.03957555910333026,8.858141988792017,293.8286000120365,3.1498525608347907,2.8800932359270866e-05,0.0007739515173863199,7,147,70.00103892033046,6.346066390980066e-06,False
1.1631525335768118e-07,4.6526101343072475e-06,2.3263050671536233e-09,B-KINETIC,1.6449460880929537e-09,2.1402006617813332e-08,2829,24009723,121,0.042331847975519546,0.04614171429331631,10.328472481612886,293.84240897414986,3.1499829426187467,3.109853141342107e-05,0.0008356936253195907,7,147,70.00121136690485,6.346076359728527e-06,False
1.255943215754791e-07,5.023772863019164e-06,2.511886431509581e-09,B-KINETIC,1.776171929290903e-09,2.3109355169888144e-08,2829,24009723,121,0.0493553111832137,0.05379728918970294,12.0429169569801,293.8573195484573,3.1501237256306815,3.3579421805080174e-05,0.0009023612199356947,8,192,70.00141244419885,8.288767978520124e-06,False
1.3561362896660145e-07,5.424545158664059e-06,2.712272579332029e-09,B-KINETIC,1.9178663332720057e-09,2.4952907729854666e-08,2829,24009723,121,0.05754406808322084,0.06272303421071072,14.042020157458882,293.87341961625054,3.1502757396302465,3.6258225630451074e-05,0.0009743472327342946,8,192,70.0016469074712,8.288785681435038e-06,False
1.4643222823126184e-07,5.857289129250473e-06,2.928644564625236e-09,B-KINETIC,2.0708644313316285e-09,2.694352999455217e-08,2829,24009723,121,0.06709145768069984,0.07312968887196283,16.37306484290092,293.89080406956555,3.150439880571303,3.9150731465835015e-05,0.0010520759413892274,9,243,70.00192030224383,1.0490520503602343e-05,False
1.5811388300841893e-07,6.3245553203367575e-06,3.162277660168379e-09,B-KINETIC,2.2360679774997893e-09,2.9092954473549085e-08,2829,24009723,121,0.07822289670607518,0.08526295740962196,19.091192588418544,293.9095753704655,3.150617115882575,4.227398742377057e-05,0.0011360054703946306,9,243,70.00223909575371,1.049055096743045e-05,False
1.7072744369168002e-07,6.829097747667201e-06,3.414548873833601e-09,B-KINETIC,2.414450663380628e-09,3.1413849639269127e-08,2829,24009723,121,0.09120120177161545,0.09940930993106084,22.2607112804128,293.9298441549422,3.150808490169577,4.564640163274142e-05,0.0012266304912005282,10,300,70.00261083030155,1.2951341346038156e-05,False
1.8434725322597864e-07,7.3738901290391455e-06,3.686945064519573e-09,B-KINETIC,2.607063856984063e-09,3.391989459358007e-08,2829,24009723,121,0.10633279455043393,0.11590274605997299,25.956620478551724,293.9517298849905,3.151015131371389,4.928785073266918e-05,0.0013244851377521682,11,363,70.00304430215267,1.567118490670455e-05,False
1.9905358527674843e-07,7.962143411069938e-06,3.981071705534969e-09,B-KINETIC,2.8150427993736707e-09,3.662585969092171e-08,2829,24009723,121,0.1239749364840472,0.13513268076761145,30.266391032512185,293.9753615527061,3.151238257408618,5.321979702565177e-05,0.0014301461546169859,12,432,70.00354977025803,1.8650091049170515e-05,False
2.1493311735411357e-07,8.597324694164543e-06,4.298662347082272e-09,B-KINETIC,3.0396132956531545e-09,3.95476935931569e-08,2829,24009723,121,0.1445441638321055,0.15755313857699502,35.292041442312545,294.00087844054974,3.151479183361687,5.7465414972420887e-05,0.0015442362962539051,13,507,70.00413919977849,2.188807159767197e-05,False
2.3207944168063908e-07,9.283177667225562e-06,4.641588833612782e-09,B-KINETIC,3.2820989397273554e-09,4.270261726923759e-08,2829,24009723,121,0.16852612221834937,0.18369347321800084,41.1525605793634,294.02843094226336,3.1517393292217717,6.204972778007507e-05,0.0016674279974599046,14,588,70.00482654623175,2.5385141380445042e-05,False
2.505936168136362e-07,1.0023744672545448e-05,5.011872336272724e-09,B-KINETIC,3.5439289154197073e-09,4.610922549370906e-08,2829,24009723,121,0.19648703286936575,0.2141708658276087,47.986734716750405,294.0581814492737,3.1520202282600747,6.699975488612072e-05,0.0018004473366270359,15,675,70.00562808705851,2.9141318940534137e-05,False
2.7058476327323186e-07,1.0823390530929275e-05,5.411695265464638e-09,B-KINETIC,3.826646419925179e-09,4.9787596442274666e-08,2829,24009723,121,0.22908706126748857,0.24970489678156255,55.95644655663549,294.09030530780984,3.152323536064752,7.234467120807776e-05,0.0019440783151689499,16,768,70.00656280854625,3.3156627406519234e-05,False
2.921707066867587e-07,1.168682826747035e-05,5.843414133735174e-09,B-KINETIC,4.131917759245457e-09,5.37594100303636e-08,2829,24009723,121,0.26709590385573106,0.2911345352027469,65.2505253302608,294.1249918523756,3.1526510402987866,7.811597909724692e-05,0.0020991674783393324,17,867,70.00765285738528,3.743109555783992e-05,False
3.1547867224009643e-07,1.2619146889603858e-05,6.309573444801929e-09,B-KINETIC,4.461542169214008e-09,5.804807569217774e-08,2829,24009723,121,0.31141096080154035,0.339437947273679,76.08924036372174,294.1624455216646,3.153004671236253,8.434769401011774e-05,0.002266628904676901,18,972,70.0089240676931,4.196475912671094e-05,False
3.4064603452898037e-07,1.3625841381159215e-05,6.812920690579607e-09,B-KINETIC,4.817462419994977e-09,6.267887035333238e-08,2829,24009723,121,0.3630785238837638,0.3957555910333026,88.7295460811886,294.20288706350095,3.1533865131391603,9.107654499174282e-05,0.002447449593484179,20,1200,70.01040657617058,5.180904419662822e-05,False
3.6782112722982104e-07,1.4712845089192841e-05,7.35642254459642e-09,B-KINETIC,5.2017762665577254e-09,6.767908741028705e-08,2829,24009723,121,0.4233184797551972,0.461417142933165,103.47120464498721,294.246554835902,3.1537988165418547,9.834219115270624e-05,0.002642695282093271,21,1323,70.01213554019103,5.712037075446128e-05,False
3.9716411736214104e-07,1.588656469448564e-05,7.943282347242822e-09,B-KINETIC,5.616748812614796e-09,7.307819759463395e-08,2829,24009723,121,0.4935531118321375,0.5379728918970299,120.66393376513733,294.2937062119347,3.154244011515427,0.00010618745541557604,0.0028535167272049334,23,1587,70.0141519761255,6.851979840827154e-05,False
4.288479492954472e-07,1.7153917971817887e-05,8.576958985908945e-09,B-KINETIC,6.0648258608951085e-09,7.890802267036229e-08,2829,24009723,121,0.5754406808322086,0.6272303421071074,140.71575218587705,294.3446190966446,3.1547247219902843,0.00011465857690851999,0.0030811564873225407,25,1875,70.01650373813682,8.095612726150013e-05,False
4.6305936406439683e-07,1.8522374562575875e-05,9.261187281287937e-09,B-KINETIC,6.548648328437306e-09,8.5202922987849e-08,2829,24009723,121,0.6709145768069986,0.7312968887196285,164.1027246040313,294.39959356499674,3.1552437812213063,0.0001238054834936613,0.0033269562462557713,27,2187,70.01924666110462,9.442958585511141e-05,False
5e-07,1.9999999999999998e-05,9.999999999999999e-09,B-KINETIC,7.0710678118654735e-09,9.199999999999998e-08,2829,24009723,121,0.7822289670607516,0.8526295740962193,191.38034203604394,294.45895363048555,3.1558042484867403,0.0001336820860364287,0.003592364720858012,29,2523,70.02244589536305,0.00010894046047172422,False
5.398875811638546e-07,2.1595503246554183e-05,1.0797751623277091e-08,B-KINETIC,7.635163394387281e-09,9.933931493414923e-08,2829,24009723,121,0.9120120177161538,0.9940930993106077,223.19681380099732,294.52304915483444,3.1564094271192533,0.0001443465961502916,0.0038789461996047957,31,2883,70.02617746564064,0.0001244891087666844,False
5.829572005899155e-07,2.331828802359662e-05,1.1659144011798309e-08,B-KINETIC,8.244259793573112e-09,1.0726412490854443e-07,2829,24009723,121,1.0633279455043392,1.1590274605997297,260.30859435583653,294.59225791004286,3.157062883975413,0.00015586186928963342,0.00418838976233872,33,3267,70.03053009211318,0.0001410759764671497,False
6.294627058970831e-07,2.5178508235883322e-05,1.2589254117941663e-08,B-KINETIC,8.901946956877217e-09,1.1582113788506329e-07,2829,24009723,121,1.2397493648404723,1.351326807676115,303.5985234206479,294.6669878049324,3.157768470458346,0.00016829577521291418,0.004522519235521008,36,3888,70.03560731795427,0.00016789983402243008,False
6.79678195439262e-07,2.718712781757048e-05,1.3593563908785241e-08,B-KINETIC,9.612101220394755e-09,1.250607879608242e-07,2829,24009723,121,1.445441638321055,1.5755313857699502,354.09702259927883,294.74767928931755,3.158530345217492,0.0001817215979995921,0.0048833039416648835,39,4563,70.04152999536458,0.00019705973841329972,False
7.338996338110351e-07,2.9355985352441404e-05,1.4677992676220705e-08,B-KINETIC,1.037890815556214e-08,1.3503753262123047e-07,2829,24009723,121,1.6852612221834937,1.8369347321800082,413.006867726318,294.83480794996797,3.1593529986592217,0.00019621846797846068,0.005272870306306753,42,5292,70.0484391909774,0.00022855703378312005,False
7.924465962305569e-07,3.1697863849222276e-05,1.5848931924611136e-08,B-KINETIC,1.1206887238456493e-08,1.4581017370642243e-07,2829,24009723,121,1.9648703286936573,2.1417086582760865,481.73214545608334,294.9288873136654,3.1602412794128076,0.00021187182811313674,0.005693514390925333,45,6075,70.05649958200978,0.0002623934021482989,False
8.556641520808904e-07,3.422656608323561e-05,1.711328304161781e-08,B-KINETIC,1.2100918487092698e-08,1.5744220398288383e-07,2829,24009723,121,2.2908706126748846,2.4970489678156245,561.9121075197177,295.03047187387307,3.1612004229076986,0.00022877393759353085,0.006147715425676551,49,7203,70.06590342683285,0.0003111409870456357,False
9.239248987111452e-07,3.695699594844581e-05,1.8478497974222903e-08,B-KINETIC,1.3066271223714896e-08,1.700021813628507e-07,2829,24009723,121,2.67095903855731,2.9113453520274684,655.4607594154907,295.14016035886164,3.162236082230594,0.00024702441560140397,0.006638150421704461,53,8427,70.0768752081008,0.00036404928444999353,False
9.976311574844394e-07,3.990524629937757e-05,1.9952623149688786e-08,B-KINETIC,1.4108635131604631e-08,1.8356413297713683e-07,2829,24009723,121,3.1141096080154043,3.394379472736791,764.6131653874381,295.2585992605454,3.163354361444087,0.0002667308284549136,0.007167709949151687,57,9747,70.08967706359446,0.00042112280587975487,False
1.077217345015941e-06,4.308869380063763e-05,2.154434690031882e-08,B-KINETIC,1.5234153789450812e-08,1.9820799148293313e-07,2829,24009723,121,3.630785238837638,3.9575559103330256,891.9796223304706,295.3864866448371,3.164561851563366,0.00028800932359270866,0.0077395151738632,61,11163,70.10461513996579,0.0004823671950793583,False
1.1631525335768142e-06,4.6526101343072566e-05,2.3263050671536284e-08,B-KINETIC,1.6449460880929573e-08,2.140200661781338e-07,2829,24009723,121,4.2331847975519725,4.61417142933165,1040.6090564185665,295.5245762659702,3.165865669402919,0.00031098531413421143,0.008356936253195923,66,13068,70.12204702816244,0.0005647742105793035,False
1.255943215754791e-06,5.023772863019164e-05,2.5118864315095817e-08,B-KINETIC,1.7761719292909033e-08,2.3109355169888152e-07,2829,24009723,121,4.935531118321372,5.379728918970296,1214.0632333545666,295.67368200904514,3.167273499522268,0.0003357942180508018,0.009023612199356948,72,15552,70.1423904671195,0.0006722524030361806,False
1.3561362896660147e-06,5.4245451586640586e-05,2.7122725793320298e-08,B-KINETIC,1.917866333272006e-08,2.4952907729854674e-07,2829,24009723,121,5.754406808322087,6.272303421071075,1416.5036528140301,295.83468268697754,3.168793639517917,0.0003625822563045108,0.009743472327342946,77,17787,70.16613353510702,0.0007690288268428873,False
1.4643222823126185e-06,5.857289129250474e-05,2.9286445646252374e-08,B-KINETIC,2.0708644313316292e-08,2.694352999455218e-07,2829,24009723,121,6.709145768069989,7.312968887196289,1652.7933278018452,296.0085272201271,3.1704350489284803,0.0003915073146583503,0.010520759413892274,83,20667,70.19384658684328,0.0008937721352624299,False
1.5811388300841894e-06,6.324555320336758e-05,3.1622776601683785e-08,B-KINETIC,2.2360679774997888e-08,2.909295447354908e-07,2829,24009723,121,7.822289670607515,8.526295740962192,1928.616039687279,296.1962402291285,3.172207402041218,0.00042273987423770566,0.011360054703946305,90,24300,70.22619624022913,0.0010511952256167236,False
1.7072744369168e-06,6.8290977476672e-05,3.4145488738336004e-08,B-KINETIC,2.4144506633806276e-08,3.1413849639269123e-07,2829,24009723,121,9.120120177161542,9.940930993106083,2250.616120895767,296.3989280738939,3.174121144911226,0.0004564640163274141,0.01226630491200528,97,28227,70.26396177065303,0.0012214927726633459,False
1.8434725322597864e-06,7.373890129039146e-05,3.6869450645195725e-08,B-KINETIC,2.6070638569840624e-08,3.3919894593580063e-07,2829,24009723,121,10.63327945504339,11.590274605997296,2626.562363091993,296.6177853743775,3.1761875569293436,0.0004928785073266917,0.01324485137752168,105,33075,70.3080543348354,0.0014318582087942807,False
1.9905358527674846e-06,7.962143411069939e-05,3.9810717055349696e-08,B-KINETIC,2.8150427993736712e-08,3.6625859690921717e-07,2829,24009723,121,12.397493648404723,13.513268076761149,3065.5402953353046,296.8541020515336,3.1784188173016417,0.0005321979702565178,0.01430146154616986,113,38307,70.35953952202335,0.0016591336315782191,False
2.1493311735411357e-06,8.597324694164542e-05,4.298662347082272e-08,B-KINETIC,3.039613295653155e-08,3.95476935931569e-07,2829,24009723,121,14.45441638321055,15.7553138576995,3578.177843494994,297.1092709299704,3.180828076832333,0.0005746541497242089,0.015442362962539051,122,44652,70.41966382028068,0.0019350008457995063,False
2.3207944168063906e-06,9.283177667225562e-05,4.641588833612781e-08,B-KINETIC,3.2820989397273546e-08,4.270261726923758e-07,2829,24009723,121,16.852612221834928,18.369347321800074,4176.910292449027,297.38479594710594,3.1834295354331785,0.0006204972778007505,0.016674279974599044,132,52272,70.48988569237427,0.0022666581206565602,False
2.505936168136362e-06,0.00010023744672545449,5.011872336272724e-08,B-KINETIC,3.543928915419708e-08,4.610922549370906e-07,2829,24009723,121,19.648703286936584,21.417086582760877,4876.291554247779,297.6823010172085,3.186238525816193,0.0006699975488612072,0.018004473366270358,142,60492,70.57191208262,0.0026250512799005847,False
2.7058476327323184e-06,0.00010823390530929273,5.4116952654646366e-08,B-KINETIC,3.826646419925178e-08,4.978759644227465e-07,2829,24009723,121,22.90870612674884,24.970489678156238,5693.360032229109,298.0035396025719,3.1892716038629905,0.0007234467120807775,0.019440783151689497,154,71148,70.66774132697239,0.0030901497672013688,False
2.921707066867587e-06,0.00011686828267470348,5.843414133735173e-08,B-KINETIC,4.1319177592454556e-08,5.375941003036358e-07,2829,24009723,121,26.709590385573094,29.113453520274675,6648.068903707499,298.3504050482286,3.192546646203324,0.000781159790972469,0.02099167478339332,166,82668,70.77971361839687,0.0035941346042790982,False
3.1547867224009644e-06,0.00012619146889603859,6.309573444801928e-08,B-KINETIC,4.461542169214008e-08,5.804807569217773e-07,2829,24009723,121,31.141096080154032,33.943794727367894,7763.792471489704,298.7249417411184,3.196082955577987,0.0008434769401011773,0.022666289046769008,179,96123,70.9105703939157,0.00418406048790675,False
3.406460345289804e-06,0.00013625841381159214,6.812920690579608e-08,B-KINETIC,4.817462419994976e-08,6.267887035333239e-07,2829,24009723,121,36.30785238837639,39.57555910333027,9067.922416573112,299.12935715948106,3.199901374607054,0.0009107654499174284,0.02447449593484179,193,111747,71.06352426564432,0.004870866456667254,False
3.6782112722982102e-06,0.0001471284508919284,7.35642254459642e-08,B-KINETIC,5.2017762665577254e-08,6.767908741028706e-07,2829,24009723,121,42.33184797551972,46.1417142933165,10592.5703930436,299.5660348834916,3.2040244086340013,0.0009834219115270625,0.026426952820932707,209,131043,71.24234142409048,0.005721162028234319,False
3.97164117362141e-06,0.00015886564694485641,7.94328234724282e-08,B-KINETIC,5.616748812614794e-08,7.307819759463394e-07,2829,24009723,121,49.35531118321372,53.79728918970296,12375.396528881936,300.03754864381983,3.2084763583697304,0.00106187455415576,0.02853516727204933,225,151875,71.45143880823038,0.006643147581034245,False
4.2884794929544726e-06,0.0001715391797181789,8.576958985908945e-08,B-KINETIC,6.064825860895108e-08,7.890802267036229e-07,2829,24009723,121,57.54406808322085,62.72303421071073,14460.587139428551,300.5466774909181,3.213283463118302,0.0011465857690852,0.03081156487322541,243,177147,71.69599877587599,0.007765604133667778,False
4.630593640643968e-06,0.0001852237456257587,9.261187281287936e-08,B-KINETIC,6.548648328437305e-08,8.5202922987849e-07,2829,24009723,121,67.09145768069986,73.12968887196286,16900.009453040522,301.0964221744393,3.218474055428517,0.001238054834936613,0.03326956246255771,262,205932,71.98210453478046,0.009050623615186267,False
4.9999999999999996e-06,0.00019999999999999998,1e-07,B-KINETIC,7.071067811865474e-08,9.199999999999999e-07,2829,24009723,121,78.22289670607518,85.26295740962195,19754.57654873127,301.6900228293273,3.224078728082858,0.001336820860364287,0.03592364720858012,283,240267,72.31690022829328,0.010591265399190598,False
5.3988758116385465e-06,0.00021595503246554185,1.0797751623277095e-07,B-KINETIC,7.635163394387285e-08,9.933931493414927e-07,2829,24009723,121,91.20120177161546,99.40930993106086,23095.862205827132,302.3309780728166,3.23013051440799,0.0014434659615029162,0.038789461996047964,306,280908,72.70878033175292,0.012426060601231153,False
5.829572005899154e-06,0.00023318288023596617,1.1659144011798308e-07,B-KINETIC,8.244259793573111e-08,1.0726412490854444e-06,2829,24009723,121,106.33279455043392,115.90274605997298,27008.013201239246,303.02306562490037,3.236665082969585,0.001558618692896334,0.0418838976233872,330,326700,73.16761393479314,0.014510633787559412,False
6.29462705897083e-06,0.0002517850823588332,1.258925411794166e-07,B-KINETIC,8.901946956877215e-08,1.1582113788506326e-06,2829,24009723,121,123.97493648404718,135.13268076761145,31590.016048878973,303.7703645737964,3.2437209477989213,0.0016829577521291412,0.045225192355210074,357,382347,73.70501059412162,0.017063040299374235,False
6.7967819543926195e-06,0.0002718712781757048,1.359356390878524e-07,B-KINETIC,9.612101220394754e-08,1.250607879608242e-06,2829,24009723,121,144.54416383210545,157.55313857699497,36958.38661110315,304.5772794176479,3.251339695390379,0.0018172159799959206,0.048833039416648835,385,444675,74.33463578251772,0.01995466017184527,False
7.338996338110337e-06,0.00029355985352441346,1.4677992676220677e-07,B-KINETIC,1.0378908155562121e-07,1.3503753262123021e-06,2829,24009723,121,168.52612221834872,183.69347321800012,43250.36485717416,305.44856602415234,3.25956622980768,0.001962184679784603,0.05272870306306743,416,519168,75.07258558360695,0.02344817360248353,False
7.924465962305569e-06,0.00031697863849222273,1.5848931924611138e-07,B-KINETIC,1.1206887238456494e-07,1.4581017370642247e-06,2829,24009723,121,196.48703286936578,214.1708658276087,50627.71383105709,306.3893596611248,3.2684490373435175,0.0021187182811313677,0.056935143909253326,449,604803,75.93783225086018,0.027521659487238115,False
8.556641520808905e-06,0.0003422656608323562,1.711328304161781e-07,B-KINETIC,1.2100918487092698e-07,1.5744220398288384e-06,2829,24009723,121,229.08706126748845,249.70489678156244,59281.24227565386,307.40520526320347,3.2780404722924508,0.0022877393759353085,0.06147715425676552,485,705675,76.9527546400782,0.03239350411095641,False
9.239248987111452e-06,0.00036956995948445807,1.8478497974222906e-07,B-KINETIC,1.3066271223714897e-07,1.7000218136285072e-06,2829,24009723,121,267.0959038557311,291.1345352027469,69436.19514995748,308.5020901130878,3.28839706552139,0.00247024415601404,0.06638150421704461,523,820587,78.14377043202605,0.03805279278833965,False
9.976311574844393e-06,0.0003990524629937757,1.9952623149688787e-07,B-KINETIC,1.410863513160463e-07,1.8356413297713683e-06,2829,24009723,121,311.4109608015404,339.4379472736791,81358.6864651178,309.6864791299266,3.2995798576563318,0.0026673082845491353,0.07167709949151686,565,957675,79.54209060263449,0.04493654180956384,False
1.0772173450159432e-05,0.0004308869380063773,2.1544346900318862e-07,B-KINETIC,1.5234153789450842e-07,1.9820799148293353e-06,2829,24009723,121,363.07852388376523,395.75559103330414,95363.38568431616,310.9653529728428,3.311654758849115,0.0028800932359270923,0.07739515173863215,610,1116300,81.18462091646312,0.05310067556673138,False
1.1631525335768142e-05,0.0004652610134307257,2.326305067153628e-07,B-KINETIC,1.6449460880929572e-07,2.1402006617813375e-06,2829,24009723,121,423.31847975519713,461.4171429331649,111822.7138991306,312.34624918417444,3.3246929372446448,0.0031098531413421135,0.08356936253195923,658,1298892,83.11504049313112,0.06277233403887558,False
1.255943215754791e-05,0.0005023772863019163,2.5118864315095823e-07,B-KINETIC,1.7761719292909038e-07,2.3109355169888155e-06,2829,24009723,121,493.5531118321374,537.9728918970299,131177.86099201257,313.8373066149224,3.338771238438131,0.0033579421805080187,0.09023612199356948,711,1516563,85.38509394669543,0.07464568477587309,False
1.3561362896660147e-05,0.0005424545158664058,2.7122725793320286e-07,B-KINETIC,1.9178663332720056e-07,2.495290772985466e-06,2829,24009723,121,575.4406808322082,627.2303421071069,153952.00234954487,315.4473133942487,3.353972638394632,0.0036258225630451065,0.09743472327342946,768,1769472,88.05614149764072,0.08895257617279057,False
1.4643222823126185e-05,0.0005857289129250474,2.928644564625237e-07,B-KINETIC,2.0708644313316292e-07,2.6943529994552182e-06,2829,24009723,121,670.9145768069989,731.2968887196288,180766.17629193742,317.185758725744,3.3703867325002657,0.003915073146583502,0.10520759413892275,829,2061723,91.2010211449149,0.10619401738532007,False
1.5811388300841894e-05,0.0006324555320336758,3.162277660168378e-07,B-KINETIC,2.2360679774997886e-07,2.9092954473549076e-06,2829,24009723,121,782.2289670607513,852.629574096219,212358.3848141533,319.06288881575756,3.388110263627643,0.004227398742377056,0.11360054703946307,895,2403075,94.90628888157573,0.12727768797893022,False
1.7072744369168e-05,0.0006829097747667201,3.4145488738336004e-07,B-KINETIC,2.414450663380628e-07,3.1413849639269123e-06,2829,24009723,121,912.0120177161541,994.0930993106081,249606.60494406437,321.0897672634119,3.4072476923277235,0.004564640163274142,0.12266304912005281,966,2799468,99.27491756413039,0.1530818317656353,False
1.8434725322597865e-05,0.0007373890129039146,3.6869450645195734e-07,B-KINETIC,2.607063856984063e-07,3.3919894593580072e-06,2829,24009723,121,1063.3279455043396,1159.0274605997301,293556.5515460201,323.27834026824644,3.4279118125088894,0.0049287850732669175,0.13244851377521683,1043,3263547,104.42955305147463,0.1850742257994614,False
1.9905358527674844e-05,0.0007962143411069937,3.9810717055349687e-07,B-KINETIC,2.8150427993736704e-07,3.662585969092171e-06,2829,24009723,121,1239.7493648404718,1351.3268076761144,345455.22161761444,325.64150703980783,3.4502244162318676,0.005321979702565176,0.14301461546169858,1127,3810387,110.51644842178905,0.2252060819059758,False
2.149331173541136e-05,0.0008597324694164544,4.2986623470822724e-07,B-KINETIC,3.039613295653155e-07,3.95476935931569e-06,2829,24009723,121,1445.4416383210553,1575.5313857699505,406791.4836132391,328.19319582417785,3.4743170115387993,0.0057465414972420895,0.15442362962539052,1216,4435968,117.710224459952,0.2747290660906032,True
2.3207944168063858e-05,0.0009283177667225543,4.641588833612772e-07,B-KINETIC,3.2820989397273484e-07,4.27026172692375e-06,2829,24009723,121,1685.2612221834866,1836.9347321800005,479345.2637575879,330.9484459955309,3.500331597547239,0.006204972778007494,0.1667427997459901,1313,5171907,126.21963843626817,0.3376142479671646,True
2.5059361681363622e-05,0.0010023744672545448,5.011872336272725e-07,B-KINETIC,3.5439289154197085e-07,4.610922549370907e-06,2829,24009723,121,1964.8703286936586,2141.708658276088,565247.2379975171,333.9234966965572,3.528421501377389,0.006699975488612073,0.1800447336627036,1418,6032172,136.2945850308646,0.41767034401912356,True
2.7058476327323183e-05,0.0010823390530929273,5.411695265464636e-07,B-KINETIC,3.8266464199251775e-07,4.978759644227465e-06,2829,24009723,121,2290.8706126748834,2497.048967815623,667051.3797884699,337.13588255019096,3.55875228184536,0.007234467120807774,0.19440783151689495,1531,7031883,148.2346050446982,0.519908384143272,True
2.9217070668675872e-05,0.0011686828267470349,5.843414133735174e-07,B-KINETIC,4.1319177592454566e-07,5.37594100303636e-06,2829,24009723,121,2670.95903855731,2911.3453520274684,787823.2610521683,340.6045370067574,3.5915027052486885,0.0078115979097246905,0.20991674783393324,1653,8197227,162.39924170906863,0.6517296554371509,True
3.1547867224009646e-05,0.001261914688960386,6.30957344480193e-07,B-KINETIC,4.4615421692140085e-07,5.804807569217774e-06,2829,24009723,121,3114.1096080154043,3394.379472736791,931247.6822664991,344.3499039356554,3.626865798995319,0.008434769401011776,0.2266628904676901,1785,9558675,179.22066399744745,0.8232039613938785,True
3.406460345289811e-05,0.0013625841381159243,6.812920690579621e-07,B-KINETIC,4.817462419994986e-07,6.267887035333251e-06,2829,24009723,121,3630.785238837653,3957.5559103330424,1101760.050111569,348.394058119283,3.665049989285998,0.009107654499174302,0.2447449593484184,1927,11139987,199.21907515106142,1.0469973864832618,True
3.67821127229821e-05,0.001471284508919284,7.356422544596421e-07,B-KINETIC,5.201776266557727e-07,6.767908741028706e-06,2829,24009723,121,4233.184797551973,4614.171429331651,1304706.9678492374,352.76083535938767,3.706280329555466,0.009834219115270626,0.2642695282093271,2081,12991683,223.0215473973227,1.3426363228198306,True
3.9716411736214104e-05,0.0015886564694485641,7.943282347242821e-07,B-KINETIC,5.616748812614795e-07,7.307819759463395e-06,2829,24009723,121,4935.531118321373,5379.728918970296,1546542.8052564033,357.4759729626708,3.750799826912759,0.010618745541557601,0.28535167272049333,2247,15147027,251.38507650238688,1.7343314476690312,True
4.288479492954472e-05,0.0017153917971817888,8.576958985908943e-07,B-KINETIC,6.064825860895107e-07,7.890802267036227e-06,2829,24009723,121,5754.406808322083,6272.30342107107,1835070.6347836973,362.56726143365324,3.7988708743984767,0.011465857690851998,0.30811564873225405,2426,17656428,285.22483978213603,2.2566200258151436,True
4.630593640643968e-05,0.0018522374562575871,9.261187281287935e-07,B-KINETIC,6.548648328437305e-07,8.520292298784899e-06,2829,24009723,121,6709.145768069984,7312.9688871962835,2179737.93794145,368.0647082688655,3.850776797500632,0.01238054834936613,0.33269562462557706,2620,20593200,325.6488777968973,2.9593258780579914,True
4.9999999999999996e-05,0.002,9.999999999999997e-07,B-KINETIC,7.071067811865473e-07,9.199999999999997e-06,2829,24009723,121,7822.289670607515,8526.295740962192,2591999.9999999995,374.0007148177448,3.90682352404403,0.013368208603642868,0.3592364720858012,2829,24009723,374.00071481774467,3.9068235240440288,True
5.398875811638546e-05,0.0021595503246554185,1.0797751623277093e-06,B-KINETIC,7.635163394387284e-07,9.933931493414925e-06,2829,24009723,121,9120.120177161543,9940.930993106083,3085767.046310102,380.4102672526391,3.9673413872953636,0.014434659615029162,0.38789461996047964,3055,27999075,431.91180086393206,5.193602370391576,True
5.829572005899155e-05,0.002331828802359662,1.1659144011798312e-06,B-KINETIC,8.244259793573114e-07,1.0726412490854447e-05,2829,24009723,121,10633.2794550434,11590.274605997305,3677955.085779513,387.33114277347505,4.0326870729112985,0.015586186928963346,0.418838976233872,3298,32630412,501.36611695390883,6.943909493956262,True
6.29462705897083e-05,0.0025178508235883324,1.2589254117941661e-06,B-KINETIC,8.901946956877216e-07,1.1582113788506328e-05,2829,24009723,121,12397.493648404721,13513.268076761147,4389165.311702079,394.8041322624358,4.103245721204662,0.016829577521291415,0.45225192355210075,3561,38042163,584.7798581059727,9.343432572010222,True
6.79678195439262e-05,0.002718712781757048,1.3593563908785238e-06,B-KINETIC,9.612101220394752e-07,1.2506078796082418e-05,2829,24009723,121,14454.416383210542,15755.313857699492,5244523.012285598,402.87328070095174,4.179433197119254,0.018172159799959203,0.4883303941664883,3845,44352075,685.0998243105454,12.642918985484505,True
7.338996338110336e-05,0.002935598535244135,1.467799267622067e-06,B-KINETIC,1.0378908155562117e-06,1.3503753262123017e-05,2829,24009723,121,16852.612221834857,18369.347321799996,6274714.570259941,411.58614676599666,4.26169854129227,0.01962184679784602,0.5272870306306743,4152,51717312,805.925044226983,17.19976271420219,True
7.92446596230557e-05,0.0031697863849222277,1.5848931924611137e-06,B-KINETIC,1.1206887238456493e-06,1.4581017370642244e-05,2829,24009723,121,19648.703286936576,21417.08658276087,7517270.668554483,420.9940831357201,4.350526616650633,0.021187182811313675,0.5693514390925334,4483,60291867,951.657274968761,23.50670371094243,True
8.556641520808903e-05,0.0034226566083235613,1.7113283041617805e-06,B-KINETIC,1.2100918487092695e-06,1.574422039828838e-05,2829,24009723,121,22908.706126748835,24970.48967815623,9018155.751247467,431.1525391565068,4.446440966139965,0.02287739375935308,0.6147715425676551,4841,70305843,1127.6874208013062,32.27781251523092,True
9.239248987111452e-05,0.003695699594844581,1.8478497974222904e-06,B-KINETIC,1.3066271223714896e-06,1.700021813628507e-05,2829,24009723,121,26709.590385573105,29113.453520274685,10833738.723404167,442.1213876553506,4.550006898429365,0.0247024415601404,0.6638150421704461,5227,81964587,1340.6266651479739,44.49398813256244,True
9.976311574844392e-05,0.003990524629937757,1.9952623149688783e-06,B-KINETIC,1.4108635131604628e-06,1.8356413297713678e-05,2829,24009723,121,31141.096080154028,33943.794727367895,13033238.572885746,453.965277823738,4.661834819778776,0.02667308284549135,0.7167709949151686,5644,95564208,1598.593303451956,61.57100888031144,True
0.00010772173450159421,0.0043088693800637685,2.154434690031884e-06,B-KINETIC,1.5234153789450825e-06,1.982079914829333e-05,2829,24009723,121,36307.85238837645,39575.559103330335,15701762.01970033,466.75401625290004,4.7825838317066065,0.028800932359270892,0.7739515173863208,6094,111410508,1911.5690115304844,85.4927612071042,True
0.0001163152533576813,0.004652610134307252,2.326305067153626e-06,B-KINETIC,1.6449460880929555e-06,2.1402006617813356e-05,2829,24009723,121,42331.84797551964,46141.71429331641,18944079.647186935,480.56297836621496,4.912965615661887,0.031098531413421105,0.8356936253195915,6580,129889200,2291.841726199505,119.09662453388935,True
0.00012559432157547895,0.005023772863019158,2.5118864315095793e-06,B-KINETIC,1.7761719292909016e-06,2.3109355169888127e-05,2829,24009723,121,49355.31118321362,53797.28918970285,22889323.75575712,495.4735526736965,5.053748627596775,0.03357942180508015,0.9023612199356937,7105,151443075,2754.55662941549,166.41655556383557,True
0.00013561362896660133,0.0054245451586640535,2.7122725793320263e-06,B-KINETIC,1.917866333272004e-06,2.4952907729854642e-05,2829,24009723,121,57544.06808322072,62723.03421071059,27696837.303096294,511.57362046695727,5.205762627161757,0.03625822563045104,0.9743472327342937,7672,176578752,3318.40213670218,233.19065059267527,True
0.00014643222823126185,0.005857289129250474,2.928644564625237e-06,B-KINETIC,2.0708644313316293e-06,2.6943529994552178e-05,2829,24009723,121,67091.45768069988,73129.68887196288,33563461.140946634,528.9580737819124,5.3699035682181195,0.039150731465835024,1.0520759413892273,8284,205873968,4006.4645750792342,327.5835296803934,True
0.00015811388300841894,0.006324555320336758,3.162277660168379e-06,B-KINETIC,2.2360679774997895e-06,2.9092954473549085e-05,2829,24009723,121,78222.89670607517,85262.95740962194,40732619.326840654,547.7293746820465,5.547138879491876,0.04227398742377058,1.1360054703946307,8945,240039075,4847.293746820465,461.3169064238527,True
0.00017072744369168002,0.006829097747667201,3.4145488738336e-06,B-KINETIC,2.4144506633806276e-06,3.1413849639269116e-05,2829,24009723,121,91201.20177161541,99409.30993106081,49505653.34889412,567.998159158591,5.738513166492695,0.04564640163274141,1.2266304912005281,9658,279830892,5876.232255240467,651.0184398869899,True
0.00018434725322597864,0.007373890129039146,3.6869450645195736e-06,B-KINETIC,2.607063856984063e-06,3.391989459358007e-05,2829,24009723,121,106332.79455043396,115902.74605997303,60255970.39142276,589.8838892069369,5.945154368304355,0.04928785073266918,1.324485137752168,10429,326292123,7137.074873082323,920.8933793695535,True
0.00019905358527674865,0.007962143411069947,3.9810717055349725e-06,B-KINETIC,2.8150427993736733e-06,3.6625859690921745e-05,2829,24009723,121,123974.9364840474,135132.6807676117,73446714.2458458,613.5155569225512,6.1682804055341425,0.05321979702565182,1.4301461546169874,11261,380430363,8684.141061632623,1305.1352499704738,True
0.0002149331173541138,0.008597324694164552,4.2986623470822765e-06,B-KINETIC,3.039613295653158e-06,3.954769359315694e-05,2829,24009723,121,144544.1638321058,157553.13857699535,89652847.62506372,639.0324447662517,6.40920635860346,0.05746541497242095,1.544236296253907,12159,443523843,10584.864877880293,1853.1050306529876,True
0.00023207944168063884,0.009283177667225553,4.641588833612778e-06,B-KINETIC,3.2820989397273526e-06,4.2702617269237554e-05,2829,24009723,121,168526.12221834905,183693.47321800046,109588760.88844612,666.5849464797823,6.669352218687851,0.06204972778007501,1.6674279974599029,13129,517111923,12923.033042468567,2636.042850089604,True
0.00025059361681363594,0.010023744672545437,5.011872336272719e-06,B-KINETIC,3.543928915419704e-06,4.6109225493709014e-05,2829,24009723,121,196487.0328693654,214170.8658276083,134142806.37249035,696.3354534900437,6.9502512569893495,0.06699975488612066,1.800447336627034,14176,602876928,15802.835271950382,3755.988120028468,True
0.0002705847632732318,0.010823390530929273,5.411695265464635e-06,B-KINETIC,3.826646419925177e-06,4.978759644227464e-05,2829,24009723,121,229087.06126748826,249704.89678156222,164420514.5444061,728.4593120263816,7.253559061669059,0.07234467120807772,1.9440783151689496,15307,702912747,19353.932851929338,5360.817982010768,True
0.0002921707066867587,0.011686828267470348,5.843414133735175e-06,B-KINETIC,4.131917759245457e-06,5.37594100303636e-05,2829,24009723,121,267095.9038557311,291134.535202747,201798696.78663534,763.1458565920464,7.581063295702335,0.07811597909724692,2.099167478339332,16528,819524352,23737.80404028799,7662.990358142783,True
0.00031547867224009644,0.012619146889603857,6.309573444801928e-06,B-KINETIC,4.4615421692140075e-06,5.8048075692177736e-05,2829,24009723,121,311410.9608015403,339437.94727367896,247993203.34417844,800.5995258810257,7.934694233168642,0.08434769401011773,2.266628904676901,17847,955546227,29155.69100562213,10970.739081309675,True
0.0003406460345289807,0.013625841381159229,6.812920690579614e-06,B-KINETIC,4.817462419994981e-06,6.267887035333245e-05,2829,24009723,121,363078.5238837646,395755.5910333034,305143813.46541005,841.0410677173018,8.316536136075424,0.09107654499174293,2.447449593484181,19270,1113998700,35858.556101735034,15726.341702978172,True
0.00036782112722982065,0.014712845089192825,7.356422544596413e-06,B-KINETIC,5.20177626655772e-06,6.767908741028699e-05,2829,24009723,121,423318.4797551964,461417.1429331641,375920625.32980055,884.7088401183489,8.72883953877011,0.09834219115270615,2.642695282093268,20808,1298918592,44159.55972800654,22577.009942766126,True
0.0003971641173621406,0.015886564694485624,7.943282347242812e-06,B-KINETIC,5.616748812614788e-06,7.307819759463386e-05,2829,24009723,121,493553.1118321362,537972.8918970284,463657432.8938479,931.8602161511792,9.174034512343033,0.1061874554155759,2.85351672720493,22467,1514298267,54449.7033295873,32448.36576827323,True
0.00042884794929544677,0.01715391797181787,8.576958985908935e-06,B-KINETIC,6.064825860895101e-06,7.89080226703622e-05,2829,24009723,121,575440.6808322072,627230.3421071059,572518984.319211,982.7731008610034,9.654744987200216,0.11465857690851987,3.0811564873225374,24260,1765642800,67217.44617275051,46699.31571228552,True
0.00046305936406439683,0.018522374562575872,9.261187281287937e-06,B-KINETIC,6.548648328437306e-06,8.520292298784902e-05,2829,24009723,121,670914.5768069989,731296.8887196289,707710786.4315429,1037.747569213126,10.173804218221763,0.12380548349366133,3.3269562462557714,26195,2058534075,83073.31209854063,67281.58592435025,True
0.0004999999999999999,0.019999999999999997,9.999999999999997e-06,B-KINETIC,7.071067811865473e-06,9.199999999999997e-05,2829,24009723,121,782228.9670607515,852629.5740962193,875742345.1268722,1097.1076347019189,10.734271483655752,0.13368208603642867,3.5923647208580114,28285,2400123675,102780.76347019184,97047.02752677878,True
