step,alpha_c,c,s,rms_pct,a_target,a_ode,note
1 calibrate on Fig.2 run,0.1,0.2752182429622753,0.00016419523038143188,0.8533176089798996,0.1543429532772278,0.14671791240303728,alpha fixed
2 validate on mesh_pair fine,0.001,0.2752182429622753,0.0,nan,0.283,0.29658413574567466,t_anchor 54176s vs 54174s; t_end 64.5h vs 78.6h
3 free fit to Molaro data,0.8402982762306312,0.2752182429622753,2.731933144308462e-22,4.9656486931282755,0.20314292755724556,0.19704236900633473,alpha and s free
3 profile,0.001,0.2752182429622753,9.344338715175291e-16,32.22351045957434,0.20314292755724556,0.105799176684334,"s fitted, alpha fixed"
3 profile,0.003,0.2752182429622753,2.4476961664556645e-14,31.028264454449733,0.20314292755724556,0.29689984109053286,"s fitted, alpha fixed"
3 profile,0.01,0.2752182429622753,8.736591725575708e-13,27.541725114808667,0.20314292755724556,0.2918608670798353,"s fitted, alpha fixed"
3 profile,0.03,0.2752182429622753,7.780889844681312e-19,20.97246799776112,0.20314292755724556,0.2705651542555599,"s fitted, alpha fixed"
3 profile,0.1,0.2752182429622753,2.892105595643191e-15,11.572920080692827,0.20314292755724556,0.1978606027121617,"s fitted, alpha fixed"
3 profile,0.3,0.2752182429622753,2.6388262931806078e-12,6.032246882504558,0.20314292755724556,0.19796585841823972,"s fitted, alpha fixed"
3 profile,1.0,0.2752182429622753,1.1075055568767655e-13,4.977795879174468,0.20314292755724556,0.19692039717869966,"s fitted, alpha fixed"
4 shrinkage -> s_inf,0.001,nan,0.008531921894310244,nan,nan,nan,dR/dt -6.254e-10 m/s
4 shrinkage -> s_inf,0.1,nan,0.003625674173517033,nan,nan,nan,dR/dt -6.254e-10 m/s
