# Kingery (1960) J. Appl. Phys. 31, 833, Fig. 3(c), sphere radius r = 0.011 cm, T = -17.8 C.
# Digitised from Molaro et al. (2019) Fig. 8(b) (their re-plot of Kingery), NOT from Kingery's own figure:
# star centroids located in Moalro2019_Fig8b.png and mapped through the axis box and tick pixels
# (x ticks 0.10..0.30 at px 251.5/341.5/430.5/520/610.5; y box 0..1 at px 633.5..16.5).
# relative_neck = x/a = neck RADIUS / grain RADIUS (= width/diameter).
time_h,relative_neck
0.0269,0.2485
0.0571,0.2965
0.0870,0.3131
0.1384,0.3329
